奈德,临,夫妻
艾德,城徒利,父母
艾德,凯特琳,父母
艾德,长子,父母
艾德,长女,父母
艾德,艾莉,父母
城徒利,凯特琳,父母
城徒利,长子,父母
城徒利,长女,父母
城徒利,艾莉,父母
凯特琳,长子,父母
凯特琳,长女,父母
凯特琳,艾莉,父母
长子,长女,父母
长子,艾莉,父母
长女,艾莉,父母
琼恩,雪诺,父母
铁,巴隆,亲戚
铁,，席恩,亲戚
铁,艾德,父母
巴隆,，席恩,亲戚
巴隆,艾德,父母
，席恩,艾德,父母
凯特琳,徒利,父母
凯特琳,临,夫妻
凯特琳,，,夫妻
凯特琳,艾德,父母
徒利,临,夫妻
徒利,，,夫妻
徒利,艾德,父母
临,，,夫妻
临,艾德,夫妻
，,艾德,夫妻
流城,霍斯特,父母
流城,艾德,祖孙
流城,改婚,父母
霍斯特,艾德,父母
霍斯特,改婚,父母
艾德,改婚,兄弟姐妹
艾德慕,徒利,师生
罗柏,临,亲戚
罗柏,艾德,父母
罗柏,临,夫妻
临,艾德,夫妻
临,临,父母
艾德,临,亲戚
琼恩,席恩,兄弟姐妹
琼恩,葛雷乔伊,兄弟姐妹
席恩,葛雷乔伊,兄弟姐妹
琼恩,艾德,兄弟姐妹
琼恩,与罗柏,兄弟姐妹
琼恩,史塔克,兄弟姐妹
琼恩,关,兄弟姐妹
艾德,与罗柏,兄弟姐妹
艾德,史塔克,兄弟姐妹
艾德,关,兄弟姐妹
与罗柏,史塔克,兄弟姐妹
与罗柏,关,兄弟姐妹
史塔克,关,兄弟姐妹
艾德,南方,父母
艾莉亚,临,兄弟姐妹
艾莉亚,，,兄弟姐妹
临,，,兄弟姐妹
艾莉,艾德,兄弟姐妹
珊莎,临,亲戚
珊莎,艾德,亲戚
珊莎,罗柏,兄弟姐妹
临,艾德,父母
临,罗柏,亲戚
艾德,罗柏,兄弟姐妹
布兰,临,兄弟姐妹
布兰,艾德,父母
布兰,史塔克,亲戚
临,艾德,父母
临,史塔克,父母
艾德,史塔克,父母
瑞肯,艾德,父母
瑞肯,史塔克,父母
艾德,史塔克,夫妻
哥哥布,兰,情侣
瑟曦,兰尼斯特,父母
瑟曦,现任,祖孙
瑟曦,，,祖孙
瑟曦,劳勃,祖孙
兰尼斯特,现任,父母
兰尼斯特,，,父母
兰尼斯特,劳勃,父母
现任,，,父母
现任,劳勃,夫妻
，,劳勃,夫妻
王,国前,父母
王,凯,亲戚
王,岩城,父母
王,泰温,亲戚
王,詹姆,亲戚
国前,凯,父母
国前,岩城,兄弟姐妹
国前,泰温,亲戚
国前,詹姆,unknown
凯,岩城,父母
凯,泰温,情侣
凯,詹姆,兄弟姐妹
岩城,泰温,父母
岩城,詹姆,兄弟姐妹
泰温,詹姆,亲戚
提利昂,王,父母
提利昂,凯,父母
提利昂,岩城,祖孙
提利昂,泰温,夫妻
提利昂,兰尼斯特,情侣
王,凯,父母
王,岩城,父母
王,泰温,父母
王,兰尼斯特,父母
凯,岩城,父母
凯,泰温,父母
凯,兰尼斯特,父母
岩城,泰温,父母
岩城,兰尼斯特,父母
泰温,兰尼斯特,父母
还,导,父母
还,父亲,父母
导,父亲,父母
哥哥詹姆,姐姐瑟曦,祖孙
泰温,凯,合作
泰温,岩城,父母
凯,岩城,夫妻
詹姆,泰温,父母
