王小蒙,谢永强,unknown
王小蒙,谢广坤,亲戚
王小蒙,王老七,unknown
谢永强,谢广坤,亲戚
谢永强,王老七,unknown
谢广坤,王老七,unknown
王小蒙,谢永强,上下级
王小蒙,谢永强,夫妻
王小蒙,谢广坤,情侣
王小蒙,谢大脚,unknown
王小蒙,王老七,情侣
王小蒙,李大国,unknown
王小蒙,刘一水,unknown
谢永强,谢广坤,情侣
谢永强,谢大脚,unknown
谢永强,王老七,好友
谢永强,李大国,unknown
谢永强,刘一水,unknown
谢广坤,谢大脚,好友
谢广坤,王老七,unknown
谢广坤,李大国,unknown
谢广坤,刘一水,unknown
谢大脚,王老七,unknown
谢大脚,李大国,unknown
谢大脚,刘一水,unknown
王老七,李大国,unknown
王老七,刘一水,上下级
李大国,刘一水,unknown
王小蒙,李大国,师生
赵四,王老七,unknown
赵四,赵玉田,兄弟姐妹
王老七,赵玉田,好友
王小蒙,谢永强,夫妻
王小蒙,谢永强,上下级
谢永强,王老七,合作
刘能,谢大脚,师生
刘能,刘英,亲戚
谢大脚,刘英,亲戚
刘能,谢大脚,同门
刘能,刘英,兄弟姐妹
王小蒙,谢永强,好友
王小蒙,谢广坤,亲戚
王小蒙,王老七,亲戚
谢永强,谢广坤,亲戚
谢永强,王老七,亲戚
谢广坤,王老七,亲戚
王小蒙,谢永强,夫妻
王小蒙,校长,夫妻
谢永强,校长,夫妻
王小蒙,谢永强,合作
谢永强,谢广坤,兄弟姐妹
谢永强,齐三太,上下级
谢广坤,齐三太,亲戚
谢永强,齐三太,合作
谢永强,校长,师生
齐三太,校长,师生
王小蒙,谢永强,亲戚
王小蒙,刘一水,夫妻
王小蒙,谢小梅,祖孙
刘一水,谢小梅,祖孙
王小蒙,刘一水,兄弟姐妹
刘能,谢大脚,合作
刘能,李福,上下级
谢大脚,李福,父母
王小蒙,谢永强,好友
王小蒙,谢小梅,好友
王小蒙,王兵,unknown
谢永强,谢小梅,好友
谢永强,王兵,好友
谢小梅,王兵,unknown
王小蒙,谢永强,亲戚
王小蒙,谢广坤,兄弟姐妹
谢永强,谢广坤,兄弟姐妹
王小蒙,谢永强,合作
刘能,王老七,亲戚
刘能,刘英,父母
王老七,刘英,父母
刘能,赵四,unknown
刘能,谢大脚,合作
刘能,刘英,同门
赵四,谢大脚,unknown
赵四,刘英,父母
谢大脚,刘英,夫妻
谢大脚,刘英,夫妻
谢永强,谢广坤,兄弟姐妹
谢永强,齐三太,兄弟姐妹
谢广坤,齐三太,兄弟姐妹
刘能,谢大脚,情侣
刘能,李福,unknown
谢大脚,李福,unknown
赵四,王老七,好友
王小蒙,谢永强,好友
王小蒙,刘一水,好友
谢永强,刘一水,好友
王小蒙,谢永强,父母
王小蒙,齐三太,夫妻
谢永强,齐三太,unknown
谢永强,谢兰,兄弟姐妹
谢永强,严冬冬,父母
谢永强,校长,师生
谢兰,严冬冬,情侣
谢兰,校长,情侣
严冬冬,校长,情侣
谢永强,校长,夫妻
刘能,谢大脚,夫妻
刘能,李福,父母
谢大脚,李福,夫妻
王小蒙,刘一水,好友
王小蒙,刘一水,夫妻
王小蒙,谢小梅,情侣
刘一水,谢小梅,unknown
刘能,谢大脚,合作
谢大脚,李大国,上下级
谢大脚,李福,上下级
李大国,李福,好友
谢大脚,李福,合作
刘能,谢大脚,合作
刘能,李福,合作
谢大脚,李福,合作
李福,齐三太,父母
王小蒙,谢大脚,夫妻
王小蒙,刘一水,夫妻
王小蒙,谢小梅,夫妻
谢大脚,刘一水,夫妻
谢大脚,谢小梅,夫妻
刘一水,谢小梅,夫妻
王小蒙,谢永强,unknown
王小蒙,谢广坤,好友
谢永强,谢广坤,上下级
王大拿,齐三太,好友
王云,齐三太,兄弟姐妹
王小蒙,王老七,unknown
王小蒙,赵玉田,夫妻
王老七,赵玉田,unknown
谢永强,严冬冬,情侣
谢永强,校长,情侣
严冬冬,校长,情侣
谢永强,谢广坤,父母
谢永强,齐三太,兄弟姐妹
谢广坤,齐三太,父母
王老七,刘一水,同门
王小蒙,谢永强,合作
王小蒙,刘一水,好友
谢永强,刘一水,好友
王小蒙,王老七,情侣
王小蒙,赵玉田,夫妻
王小蒙,刘一水,情侣
王老七,赵玉田,夫妻
王老七,刘一水,同门
赵玉田,刘一水,夫妻
王小蒙,王大拿,师生
王小蒙,王木生,合作
王大拿,王木生,师生
王小蒙,王大拿,师生
王小蒙,王大拿,合作
王大拿,谢大脚,兄弟姐妹
王大拿,王木生,兄弟姐妹
谢大脚,王木生,师生
王大拿,谢大脚,兄弟姐妹
谢大脚,齐三太,父母
王小蒙,谢永强,合作
谢大脚,刘一水,情侣
谢大脚,谢小梅,夫妻
刘一水,谢小梅,夫妻
王小蒙,刘英,夫妻
谢永强,谢广坤,亲戚
谢永强,王云,好友
谢广坤,王云,夫妻
谢大脚,王云,上下级
王小蒙,谢永强,合作
王小蒙,谢广坤,夫妻
谢永强,谢广坤,亲戚
谢永强,齐三太,情侣
谢广坤,齐三太,合作
谢大脚,王云,合作
王大拿,谢大脚,兄弟姐妹
王小蒙,谢广坤,兄弟姐妹
王小蒙,王老七,兄弟姐妹
谢广坤,王老七,unknown
王大拿,谢大脚,好友
王大拿,王云,同门
谢大脚,王云,上下级
王大拿,谢大脚,合作
王大拿,谢大脚,上下级
谢大脚,王云,亲戚
谢永强,谢广坤,unknown
王小蒙,刘英,好友
王小蒙,王老七,师生
王小蒙,刘一水,师生
王老七,刘一水,师生
王老七,刘一水,师生
刘一水,谢小梅,师生
王小蒙,刘一水,亲戚
王小蒙,谢小梅,师生
刘一水,谢小梅,亲戚
王小蒙,刘一水,合作
王小蒙,谢永强,合作
刘一水,谢小梅,亲戚
王小蒙,谢广坤,夫妻
王小蒙,谢永强,同门
王小蒙,谢永强,情侣
王小蒙,谢广坤,亲戚
谢永强,谢广坤,上下级
谢永强,谢广坤,夫妻
王小蒙,谢永强,情侣
王小蒙,谢广坤,兄弟姐妹
谢永强,谢广坤,亲戚
谢大脚,齐三太,兄弟姐妹
谢永强,谢广坤,夫妻
王小蒙,刘能,unknown
王小蒙,刘英,unknown
刘能,刘英,好友
王小蒙,谢永强,兄弟姐妹
王小蒙,谢广坤,师生
谢永强,谢广坤,好友
谢大脚,王老七,合作
王小蒙,谢永强,情侣
王小蒙,谢广坤,上下级
谢永强,谢广坤,上下级
王小蒙,谢永强,好友
刘一水,谢小梅,夫妻
谢大脚,李福,夫妻
刘能,李福,情侣
王小蒙,谢永强,情侣
王小蒙,王兵,合作
谢永强,王兵,情侣
刘能,谢大脚,师生
谢大脚,李福,合作
谢永强,刘能,亲戚
王小蒙,王兵,师生
李大国,刘一水,合作
李大国,谢小梅,好友
刘一水,谢小梅,情侣
谢永强,齐三太,亲戚
谢永强,刘能,上下级
谢永强,赵四,上下级
谢永强,李大国,亲戚
谢永强,宋晓峰,好友
刘能,赵四,好友
刘能,李大国,好友
刘能,宋晓峰,上下级
赵四,李大国,好友
赵四,宋晓峰,好友
李大国,宋晓峰,上下级
谢大脚,宋晓峰,夫妻
谢大脚,宋晓峰,兄弟姐妹
谢大脚,李大国,父母
谢大脚,王香秀,父母
李大国,王香秀,父母
谢大脚,李大国,好友
谢大脚,王香秀,上下级
谢大脚,马忠,上下级
李大国,王香秀,好友
李大国,马忠,合作
王香秀,马忠,情侣
谢大脚,李大国,夫妻
刘能,谢大脚,师生
刘能,李大国,师生
刘能,王香秀,unknown
谢大脚,李大国,师生
谢大脚,王香秀,unknown
李大国,王香秀,unknown
刘能,谢大脚,师生
刘能,李大国,师生
谢大脚,李大国,师生
谢永强,刘能,unknown
谢永强,谢广坤,父母
刘能,谢广坤,unknown
刘能,谢广坤,unknown
刘能,王云,师生
谢广坤,王云,unknown
谢永强,刘能,合作
谢永强,谢广坤,合作
刘能,谢广坤,合作
刘能,王云,夫妻
刘能,王云,上下级
刘能,赵四,好友
刘能,赵四,unknown
刘能,赵四,合作
刘能,赵四,上下级
刘能,谢广坤,兄弟姐妹
刘能,王云,师生
刘能,李大国,好友
谢广坤,王云,同门
谢广坤,李大国,同门
王云,李大国,师生
李大国,王香秀,夫妻
李大国,马忠,unknown
王香秀,马忠,unknown
李大国,王香秀,unknown
李大国,马忠,合作
王香秀,马忠,情侣
李大国,马忠,合作
谢永强,刘能,夫妻
谢永强,谢广坤,合作
谢永强,赵玉田,unknown
刘能,谢广坤,好友
刘能,赵玉田,unknown
谢广坤,赵玉田,unknown
谢广坤,赵玉田,情侣
王大拿,刘能,unknown
王大拿,谢广坤,unknown
刘能,谢广坤,兄弟姐妹
王大拿,谢广坤,师生
刘能,谢大脚,unknown
刘能,王云,unknown
刘能,李大国,unknown
刘能,马忠,unknown
谢大脚,王云,unknown
谢大脚,李大国,unknown
谢大脚,马忠,unknown
王云,李大国,unknown
王云,马忠,unknown
李大国,马忠,师生
李大国,王香秀,情侣
李大国,马忠,情侣
王香秀,马忠,情侣
谢大脚,王云,夫妻
谢大脚,李大国,好友
谢大脚,马忠,unknown
王云,李大国,夫妻
王云,马忠,合作
李大国,马忠,合作
谢大脚,李大国,情侣
谢大脚,马忠,情侣
李大国,马忠,合作
谢大脚,李大国,好友
谢大脚,王香秀,unknown
李大国,王香秀,unknown
谢大脚,李大国,情侣
谢大脚,马忠,合作
李大国,马忠,情侣
谢大脚,李大国,师生
谢大脚,马忠,好友
李大国,马忠,师生
王小蒙,王大拿,unknown
王小蒙,谢广坤,unknown
王小蒙,杨晓燕,unknown
王大拿,谢广坤,师生
王大拿,杨晓燕,unknown
谢广坤,杨晓燕,unknown
王小蒙,王大拿,好友
王小蒙,杨晓燕,好友
王大拿,杨晓燕,好友
王小蒙,谢广坤,夫妻
王小蒙,杨晓燕,夫妻
谢广坤,杨晓燕,好友
谢广坤,王老七,兄弟姐妹
谢广坤,王老七,夫妻
谢广坤,杨晓燕,好友
王老七,杨晓燕,情侣
李大国,王香秀,父母
李大国,马忠,夫妻
王香秀,马忠,父母
刘能,刘英,夫妻
刘能,赵玉田,夫妻
刘英,赵玉田,夫妻
刘能,刘英,师生
刘能,赵玉田,unknown
刘英,赵玉田,unknown
刘能,赵四,亲戚
刘能,赵玉田,unknown
赵四,赵玉田,父母
王小蒙,谢广坤,兄弟姐妹
王小蒙,杨晓燕,夫妻
谢广坤,杨晓燕,师生
王大拿,谢广坤,夫妻
王大拿,王老七,好友
谢广坤,王老七,好友
王大拿,谢广坤,夫妻
王大拿,谢广坤,好友
王大拿,杨晓燕,情侣
谢广坤,杨晓燕,好友
王大拿,谢广坤,好友
王大拿,杨晓燕,unknown
谢广坤,杨晓燕,好友
王大拿,刘能,合作
王大拿,苏玉红,合作
王大拿,吴迪,合作
刘能,苏玉红,unknown
刘能,吴迪,合作
苏玉红,吴迪,好友
苏玉红,吴迪,合作
刘能,谢广坤,合作
刘能,刘英,unknown
刘能,赵玉田,unknown
谢广坤,刘英,unknown
谢广坤,赵玉田,情侣
刘英,赵玉田,unknown
刘能,赵玉田,上下级
刘能,赵玉田,同门
刘能,赵玉田,师生
刘能,赵玉田,unknown
李大国,王香秀,夫妻
李大国,王香秀,unknown
李大国,马忠,unknown
王香秀,马忠,好友
李大国,王香秀,好友
李大国,马忠,好友
王香秀,马忠,上下级
李大国,马忠,上下级
苏玉红,吴迪,合作
刘能,赵玉田,好友
刘能,方正,同门
赵玉田,方正,父母
刘能,赵玉田,合作
刘能,赵四,好友
刘能,赵玉田,好友
赵四,赵玉田,unknown
王大拿,王木生,父母
方正,皮长山,师生
王大拿,杨晓燕,师生
王大拿,王木生,师生
杨晓燕,王木生,合作
谢大脚,王香秀,情侣
谢大脚,宋晓峰,情侣
谢大脚,马忠,情侣
王香秀,宋晓峰,情侣
王香秀,马忠,情侣
宋晓峰,马忠,情侣
谢大脚,李大国,合作
谢大脚,王香秀,情侣
谢大脚,马忠,情侣
李大国,王香秀,情侣
李大国,马忠,情侣
王香秀,马忠,情侣
谢大脚,李大国,亲戚
谢大脚,王香秀,亲戚
谢大脚,马忠,亲戚
李大国,王香秀,兄弟姐妹
李大国,马忠,亲戚
王香秀,马忠,亲戚
谢大脚,李大国,好友
李大国,马忠,父母
李大国,王香秀,师生
谢大脚,王香秀,父母
谢大脚,马忠,亲戚
王香秀,马忠,父母
王小蒙,谢广坤,夫妻
王小蒙,谢广坤,夫妻
刘能,王云,unknown
刘能,刘英,unknown
王云,刘英,合作
刘能,王云,unknown
刘能,赵四,好友
刘能,赵四,合作
刘能,王云,好友
刘能,刘英,好友
赵四,王云,师生
赵四,刘英,好友
王云,刘英,好友
刘能,赵四,好友
刘能,刘大脑袋,好友
赵四,刘大脑袋,好友
刘大脑袋,王云,好友
刘能,赵四,师生
刘能,宋晓峰,师生
赵四,宋晓峰,合作
刘能,赵四,情侣
刘能,赵四,情侣
赵四,刘英,情侣
谢广坤,谢大脚,亲戚
谢广坤,王云,亲戚
谢大脚,王云,情侣
谢广坤,王云,情侣
谢大脚,王云,情侣
谢大脚,宋晓峰,unknown
谢大脚,马忠,情侣
王云,宋晓峰,情侣
王云,马忠,夫妻
宋晓峰,马忠,unknown
谢永强,谢广坤,夫妻
王大拿,王香秀,情侣
谢广坤,谢大脚,情侣
谢广坤,马忠,情侣
谢大脚,马忠,情侣
谢广坤,谢大脚,情侣
谢广坤,马忠,unknown
谢大脚,马忠,unknown
谢广坤,马忠,师生
李大国,王香秀,unknown
李大国,马忠,unknown
王香秀,马忠,上下级
王大拿,苏玉红,合作
王大拿,苏玉红,情侣
王大拿,宋晓峰,合作
王大拿,苏玉红,合作
宋晓峰,苏玉红,合作
王大拿,宋晓峰,合作
王大拿,苏玉红,情侣
宋晓峰,苏玉红,情侣
王大拿,宋晓峰,好友
王大拿,宋晓峰,情侣
方正,皮长山,师生
白清明,方正,情侣
白清明,皮长山,情侣
方正,皮长山,情侣
白清明,方正,师生
方正,皮长山,师生
谢永强,刘大脑袋,unknown
谢永强,王云,情侣
谢永强,宋晓峰,合作
刘大脑袋,王云,合作
刘大脑袋,宋晓峰,亲戚
王云,宋晓峰,unknown
刘大脑袋,宋晓峰,上下级
谢大脚,王云,情侣
谢大脚,宋晓峰,情侣
谢大脚,马忠,合作
王云,宋晓峰,情侣
王云,马忠,情侣
宋晓峰,马忠,情侣
王香秀,马忠,情侣
宋晓峰,马忠,情侣
刘大脑袋,王云,夫妻
刘大脑袋,齐三太,unknown
王云,齐三太,父母
王香秀,马忠,情侣
王香秀,马忠,父母
宋晓峰,方正,师生
白清明,方正,师生
谢永强,刘能,上下级
王小蒙,谢永强,好友
谢永强,刘能,情侣
谢永强,谢广坤,合作
谢永强,谢广坤,父母
谢永强,谢广坤,情侣
谢永强,谢广坤,师生
宋晓峰,马忠,情侣
苏玉红,吴迪,情侣
刘能,谢广坤,上下级
李大国,王香秀,unknown
李大国,马忠,unknown
王香秀,马忠,unknown
李大国,马忠,合作
李大国,马忠,父母
谢大脚,李大国,师生
谢大脚,马忠,夫妻
李大国,马忠,亲戚
谢大脚,李大国,上下级
谢大脚,马忠,夫妻
李大国,马忠,合作
李大国,王香秀,父母
李大国,马忠,父母
王香秀,马忠,亲戚
王香秀,马忠,情侣
李大国,王香秀,unknown
李大国,马忠,unknown
王香秀,马忠,夫妻
刘能,谢广坤,情侣
白清明,方正,师生
白清明,方正,师生
白清明,方正,师生
谢永强,皮长山,情侣
谢永强,谢广坤,夫妻
谢永强,赵四,情侣
谢广坤,赵四,夫妻
宋晓峰,苏玉红,合作
宋晓峰,李副总,情侣
苏玉红,李副总,合作
王大拿,宋晓峰,情侣
王大拿,苏玉红,情侣
宋晓峰,苏玉红,情侣
王大拿,宋晓峰,师生
王大拿,苏玉红,情侣
宋晓峰,苏玉红,师生
谢大脚,李大国,unknown
谢大脚,王香秀,父母
谢大脚,宋晓峰,上下级
谢大脚,马忠,unknown
李大国,王香秀,unknown
李大国,宋晓峰,unknown
李大国,马忠,unknown
王香秀,宋晓峰,师生
王香秀,马忠,上下级
宋晓峰,马忠,上下级
谢大脚,李大国,祖孙
谢大脚,王香秀,夫妻
谢大脚,马忠,unknown
李大国,王香秀,夫妻
李大国,马忠,unknown
王香秀,马忠,父母
谢大脚,李大国,师生
谢大脚,马忠,好友
李大国,马忠,夫妻
李大国,马忠,师生
谢大脚,李大国,好友
谢大脚,李大国,亲戚
宋晓峰,苏玉红,合作
宋晓峰,李副总,上下级
白清明,方正,师生
王小蒙,白清明,夫妻
王小蒙,方正,师生
白清明,方正,师生
白清明,方正,师生
白清明,皮长山,师生
方正,皮长山,师生
白清明,方正,夫妻
白清明,皮长山,师生
方正,皮长山,情侣
方正,皮长山,情侣
刘能,赵四,祖孙
刘能,赵玉田,祖孙
赵四,赵玉田,祖孙
李大国,王香秀,unknown
李大国,马忠,unknown
王香秀,马忠,unknown
谢大脚,王香秀,情侣
谢大脚,马忠,情侣
王香秀,马忠,unknown
谢大脚,王香秀,unknown
谢大脚,马忠,夫妻
王香秀,马忠,上下级
李大国,王香秀,上下级
李大国,马忠,上下级
王香秀,马忠,上下级
谢永强,谢广坤,亲戚
谢永强,谢广坤,亲戚
谢永强,王老七,亲戚
谢广坤,王老七,同门
谢广坤,王老七,合作
谢永强,谢广坤,亲戚
谢永强,谢广坤,情侣
刘能,赵四,合作
赵玉田,李副总,合作
赵玉田,齐三太,夫妻
赵玉田,郭金山,unknown
李副总,齐三太,unknown
李副总,郭金山,unknown
齐三太,郭金山,合作
齐三太,郭金山,兄弟姐妹
谢永强,皮长山,合作
宋晓峰,李副总,上下级
宋晓峰,李副总,好友
宋晓峰,李副总,上下级
苏玉红,吴迪,合作
苏玉红,吴迪,夫妻
赵四,刘大脑袋,兄弟姐妹
赵四,赵玉田,unknown
赵四,齐三太,上下级
刘大脑袋,赵玉田,师生
刘大脑袋,齐三太,上下级
赵玉田,齐三太,上下级
刘大脑袋,赵玉田,unknown
刘大脑袋,齐三太,父母
赵玉田,齐三太,合作
宋晓峰,苏玉红,合作
宋晓峰,苏玉红,夫妻
谢永强,谢广坤,上下级
谢永强,谢大脚,unknown
谢广坤,谢大脚,unknown
谢广坤,王老七,合作
谢广坤,皮长山,情侣
宋晓峰,苏玉红,兄弟姐妹
王小蒙,谢永强,夫妻
王小蒙,谢广坤,夫妻
谢永强,谢广坤,父母
谢大脚,李大国,unknown
谢大脚,马忠,情侣
李大国,马忠,情侣
刘能,赵四,好友
王小蒙,谢永强,情侣
刘能,谢广坤,情侣
谢永强,刘能,兄弟姐妹
谢永强,刘能,情侣
谢永强,谢广坤,情侣
刘能,谢广坤,情侣
谢大脚,王云,上下级
谢大脚,王香秀,上下级
王云,王香秀,上下级
谢广坤,谢大脚,兄弟姐妹
谢广坤,王香秀,上下级
谢大脚,王香秀,上下级
谢广坤,谢大脚,unknown
谢广坤,王香秀,父母
谢大脚,王香秀,父母
赵四,谢大脚,师生
谢广坤,谢大脚,亲戚
谢广坤,赵玉田,情侣
谢大脚,赵玉田,情侣
宋晓峰,李副总,情侣
宋晓峰,李副总,unknown
齐三太,郭金山,同门
齐三太,郭金山,好友
宋晓峰,苏玉红,好友
宋晓峰,苏玉红,夫妻
宋晓峰,吴迪,好友
苏玉红,吴迪,好友
宋晓峰,苏玉红,合作
赵四,郭金山,同门
赵四,郭金山,父母
谢永强,谢广坤,情侣
苏玉红,李副总,情侣
苏玉红,吴迪,夫妻
李副总,吴迪,父母
宋晓峰,苏玉红,亲戚
宋晓峰,吴迪,unknown
苏玉红,吴迪,合作
王大拿,宋晓峰,师生
王大拿,苏玉红,合作
宋晓峰,苏玉红,合作
宋晓峰,苏玉红,合作
宋晓峰,吴迪,合作
苏玉红,吴迪,unknown
谢永强,谢广坤,父母
谢永强,谢广坤,情侣
刘能,郭金山,好友
刘能,郭金山,亲戚
刘能,郭金山,父母
刘能,郭金山,上下级
宋晓峰,李副总,上下级
刘能,郭金山,同门
刘能,赵四,情侣
刘能,郭金山,夫妻
赵四,郭金山,情侣
宋晓峰,李副总,夫妻
刘能,赵四,同门
刘能,赵四,夫妻
宋晓峰,李副总,父母
宋晓峰,苏玉红,上下级
宋晓峰,吴迪,合作
苏玉红,吴迪,兄弟姐妹
王小蒙,谢永强,合作
王小蒙,谢广坤,合作
谢永强,谢广坤,合作
王小蒙,谢永强,好友
王小蒙,杨晓燕,好友
谢永强,杨晓燕,师生
谢永强,谢广坤,父母
谢永强,谢广坤,unknown
谢永强,齐三太,亲戚
谢广坤,齐三太,父母
谢永强,谢广坤,兄弟姐妹
谢永强,齐三太,父母
谢广坤,齐三太,父母
谢永强,谢广坤,情侣
谢永强,齐三太,合作
谢广坤,齐三太,情侣
宋晓峰,李副总,情侣
宋晓峰,李副总,情侣
宋晓峰,李副总,情侣
宋晓峰,李副总,夫妻
宋晓峰,吴迪,合作
宋晓峰,郭金山,同门
吴迪,郭金山,兄弟姐妹
刘能,赵四,父母
刘能,赵玉田,同门
刘能,郭金山,师生
赵四,赵玉田,父母
赵四,郭金山,unknown
赵玉田,郭金山,同门
赵四,赵玉田,父母
赵四,郭金山,父母
赵玉田,郭金山,父母
刘能,赵四,亲戚
刘能,郭金山,兄弟姐妹
赵四,郭金山,同门
刘能,赵四,好友
刘能,郭金山,好友
赵四,郭金山,同门
谢大脚,王云,上下级
谢大脚,王香秀,上下级
王云,王香秀,上下级
谢大脚,刘大脑袋,夫妻
谢大脚,王云,夫妻
刘大脑袋,王云,上下级
谢大脚,刘大脑袋,合作
谢大脚,刘大脑袋,情侣
宋晓峰,苏玉红,合作
宋晓峰,吴迪,合作
苏玉红,吴迪,合作
宋晓峰,吴迪,兄弟姐妹
宋晓峰,吴迪,兄弟姐妹
宋晓峰,苏玉红,合作
宋晓峰,吴迪,合作
苏玉红,吴迪,合作
宋晓峰,苏玉红,好友
宋晓峰,吴迪,情侣
苏玉红,吴迪,情侣
宋晓峰,苏玉红,情侣
宋晓峰,吴迪,情侣
苏玉红,吴迪,同门
宋晓峰,苏玉红,夫妻
宋晓峰,吴迪,情侣
李大国,王香秀,夫妻
谢大脚,王香秀,师生
赵四,李大国,夫妻
赵四,王香秀,夫妻
赵四,吴迪,夫妻
李大国,王香秀,夫妻
李大国,吴迪,unknown
王香秀,吴迪,父母
谢大脚,李大国,夫妻
谢大脚,李大国,父母
谢大脚,王香秀,父母
李大国,王香秀,夫妻
谢广坤,郭金山,合作
谢广坤,郭金山,兄弟姐妹
谢广坤,郭金山,夫妻
宋晓峰,吴迪,合作
宋晓峰,苏玉红,合作
宋晓峰,吴迪,合作
苏玉红,吴迪,夫妻
苏玉红,吴迪,情侣
宋晓峰,苏玉红,合作
宋晓峰,吴迪,合作
苏玉红,吴迪,合作
宋晓峰,吴迪,情侣
宋晓峰,苏玉红,上下级
宋晓峰,吴迪,合作
苏玉红,吴迪,合作
宋晓峰,吴迪,兄弟姐妹
宋晓峰,李副总,好友
宋晓峰,李副总,上下级
宋晓峰,李副总,兄弟姐妹
宋晓峰,李副总,夫妻
刘能,赵四,情侣
刘能,赵四,好友
刘能,郭金山,同门
赵四,郭金山,同门
刘能,赵四,unknown
刘能,刘英,父母
刘能,赵玉田,亲戚
刘英,赵玉田,亲戚
刘能,赵四,师生
刘能,刘英,师生
刘能,郭金山,unknown
赵四,刘英,好友
赵四,郭金山,unknown
刘英,郭金山,上下级
刘能,郭金山,合作
赵四,郭金山,上下级
赵四,郭金山,合作
王香秀,马忠,父母
李大国,王香秀,父母
王香秀,马忠,unknown
李大国,王香秀,夫妻
王香秀,马忠,上下级
谢大脚,刘大脑袋,亲戚
谢大脚,黄世友,好友
谢大脚,刘大脑袋,情侣
黄世友,刘大脑袋,上下级
宋晓峰,李副总,夫妻
宋晓峰,吴迪,好友
李副总,吴迪,夫妻
宋晓峰,吴迪,unknown
宋晓峰,吴迪,合作
刘能,谢广坤,情侣
刘能,赵四,师生
谢广坤,赵四,情侣
谢广坤,赵四,同门
刘大脑袋,李大国,亲戚
谢大脚,刘大脑袋,好友
谢大脚,王云,夫妻
刘大脑袋,王云,好友
谢大脚,刘大脑袋,情侣
谢大脚,王云,情侣
刘大脑袋,王云,情侣
谢大脚,刘大脑袋,情侣
谢大脚,黄世友,好友
谢大脚,黄世友,情侣
谢大脚,刘大脑袋,情侣
黄世友,刘大脑袋,兄弟姐妹
谢大脚,刘大脑袋,合作
谢大脚,王云,上下级
刘大脑袋,王云,合作
李大国,王香秀,亲戚
李大国,王香秀,合作
王小蒙,谢广坤,亲戚
王小蒙,杨晓燕,亲戚
谢广坤,杨晓燕,亲戚
王小蒙,杨晓燕,情侣
王小蒙,谢广坤,情侣
王小蒙,杨晓燕,夫妻
谢广坤,杨晓燕,情侣
王小蒙,谢广坤,情侣
王小蒙,杨晓燕,好友
谢广坤,杨晓燕,情侣
谢广坤,王老七,夫妻
谢广坤,赵四,父母
谢广坤,王老七,unknown
谢广坤,郭金山,合作
赵四,王老七,unknown
赵四,郭金山,兄弟姐妹
王老七,郭金山,unknown
谢大脚,黄世友,情侣
谢大脚,李大国,unknown
谢大脚,王香秀,情侣
谢大脚,王技术员,unknown
谢大脚,吴迪,情侣
黄世友,李大国,unknown
黄世友,王香秀,夫妻
黄世友,王技术员,夫妻
黄世友,吴迪,情侣
李大国,王香秀,unknown
李大国,王技术员,unknown
李大国,吴迪,unknown
王香秀,王技术员,父母
王香秀,吴迪,情侣
王技术员,吴迪,unknown
李大国,王香秀,夫妻
李大国,王技术员,夫妻
王香秀,马忠,父母
宋晓峰,吴迪,兄弟姐妹
宋晓峰,吴迪,合作
宋晓峰,吴迪,好友
宋晓峰,吴迪,兄弟姐妹
宋晓峰,吴迪,好友
宋晓峰,吴迪,合作
宋晓峰,吴迪,上下级
谢大脚,黄世友,情侣
谢大脚,王云,兄弟姐妹
黄世友,王云,情侣
谢大脚,黄世友,夫妻
谢大脚,王云,夫妻
黄世友,王云,夫妻
谢大脚,黄世友,情侣
黄世友,宋晓峰,好友
黄世友,李副总,好友
宋晓峰,李副总,好友
宋晓峰,李副总,上下级
宋晓峰,李副总,上下级
宋晓峰,李副总,夫妻
宋晓峰,李副总,情侣
谢大脚,黄世友,好友
谢大脚,王云,好友
黄世友,王云,好友
刘能,赵四,兄弟姐妹
刘能,郭金山,同门
赵四,郭金山,上下级
谢大脚,黄世友,情侣
谢大脚,黄世友,好友
谢大脚,黄世友,合作
谢大脚,王云,好友
黄世友,王云,上下级
黄世友,刘大脑袋,情侣
黄世友,王云,夫妻
刘大脑袋,王云,夫妻
赵四,刘大脑袋,同门
谢大脚,黄世友,上下级
黄世友,王云,情侣
黄世友,刘大脑袋,情侣
黄世友,王云,情侣
刘大脑袋,王云,师生
赵四,黄世友,情侣
赵四,刘大脑袋,夫妻
黄世友,刘大脑袋,情侣
刘能,赵四,unknown
刘能,黄世友,unknown
刘能,郭金山,unknown
赵四,黄世友,情侣
赵四,郭金山,好友
黄世友,郭金山,上下级
刘能,郭金山,好友
刘能,郭金山,好友
黄世友,王云,师生
黄世友,王云,夫妻
黄世友,刘大脑袋,好友
黄世友,刘大脑袋,兄弟姐妹
黄世友,刘大脑袋,情侣
谢大脚,黄世友,情侣
谢大脚,黄世友,情侣
谢大脚,刘大脑袋,情侣
谢大脚,王云,情侣
黄世友,刘大脑袋,情侣
黄世友,王云,情侣
刘大脑袋,王云,夫妻
谢大脚,黄世友,好友
谢大脚,刘大脑袋,上下级
黄世友,刘大脑袋,上下级
谢广坤,黄世友,情侣
刘能,黄世友,情侣
谢大脚,黄世友,合作
谢大脚,黄世友,情侣
谢大脚,王云,情侣
黄世友,王云,情侣
刘能,谢大脚,情侣
刘能,黄世友,兄弟姐妹
谢大脚,黄世友,情侣
王小蒙,谢永强,亲戚
王小蒙,刘大脑袋,师生
王小蒙,李副总,父母
谢永强,刘大脑袋,亲戚
谢永强,李副总,亲戚
刘大脑袋,李副总,夫妻
王小蒙,谢永强,好友
谢大脚,黄世友,合作
谢大脚,黄世友,unknown
谢大脚,黄世友,情侣
谢大脚,刘大脑袋,情侣
谢大脚,王云,情侣
黄世友,刘大脑袋,unknown
黄世友,王云,情侣
刘大脑袋,王云,情侣
宋晓峰,苏玉红,情侣
宋晓峰,李副总,上下级
苏玉红,李副总,情侣
宋晓峰,苏玉红,情侣
宋晓峰,吴迪,情侣
苏玉红,吴迪,情侣
宋晓峰,苏玉红,情侣
苏玉红,李副总,合作
宋晓峰,李副总,兄弟姐妹
宋晓峰,李副总,上下级
宋晓峰,李副总,合作
宋晓峰,苏玉红,夫妻
宋晓峰,李副总,情侣
苏玉红,李副总,合作
宋晓峰,苏玉红,情侣
宋晓峰,李副总,情侣
苏玉红,李副总,情侣
宋晓峰,李副总,unknown
赵四,郭金山,兄弟姐妹
谢广坤,赵四,同门
刘能,谢广坤,好友
刘能,赵四,合作
刘能,李副总,合作
刘能,郭金山,上下级
谢广坤,赵四,合作
谢广坤,李副总,unknown
谢广坤,郭金山,unknown
赵四,李副总,合作
赵四,郭金山,合作
李副总,郭金山,合作
刘能,赵四,夫妻
刘能,谢广坤,好友
刘能,赵四,夫妻
谢广坤,赵四,合作
刘能,谢广坤,情侣
谢大脚,黄世友,情侣
谢大脚,王云,情侣
黄世友,王云,情侣
谢大脚,黄世友,情侣
谢大脚,王云,unknown
黄世友,王云,unknown
谢大脚,黄世友,好友
谢大脚,刘大脑袋,同门
谢大脚,王云,情侣
黄世友,刘大脑袋,夫妻
黄世友,王云,情侣
刘大脑袋,王云,情侣
谢大脚,黄世友,合作
谢大脚,王云,情侣
黄世友,王云,情侣
谢大脚,黄世友,好友
宋晓峰,苏玉红,情侣
宋晓峰,李副总,情侣
苏玉红,李副总,情侣
苏玉红,李副总,合作
宋晓峰,李副总,合作
刘大脑袋,宋晓峰,同门
刘大脑袋,宋晓峰,情侣
谢广坤,赵四,好友
谢广坤,赵四,父母
刘能,郭金山,好友
刘能,赵四,好友
刘能,郭金山,同门
赵四,郭金山,unknown
刘能,谢广坤,同门
刘能,郭金山,夫妻
谢广坤,郭金山,兄弟姐妹
刘能,谢广坤,父母
刘能,郭金山,父母
谢广坤,郭金山,父母
谢大脚,黄世友,好友
谢大脚,黄世友,合作
谢大脚,黄世友,情侣
谢大脚,黄世友,夫妻
谢大脚,黄世友,情侣
谢大脚,黄世友,情侣
王小蒙,谢永强,夫妻
王小蒙,白清明,夫妻
王小蒙,杨晓燕,好友
谢永强,白清明,夫妻
谢永强,杨晓燕,夫妻
白清明,杨晓燕,好友
谢广坤,宋晓峰,兄弟姐妹
谢广坤,张秘书,兄弟姐妹
宋晓峰,张秘书,合作
刘能,谢广坤,合作
刘能,宋晓峰,兄弟姐妹
谢广坤,宋晓峰,情侣
刘能,谢广坤,夫妻
刘能,谢广坤,情侣
刘能,谢广坤,兄弟姐妹
刘能,宋晓峰,兄弟姐妹
谢广坤,宋晓峰,兄弟姐妹
刘能,宋晓峰,兄弟姐妹
刘能,谢广坤,兄弟姐妹
刘能,宋晓峰,兄弟姐妹
谢广坤,宋晓峰,同门
刘能,谢广坤,合作
刘能,宋晓峰,情侣
谢广坤,宋晓峰,合作
赵四,赵玉田,同门
赵四,杨晓燕,同门
赵四,郭金山,同门
赵玉田,杨晓燕,同门
赵玉田,郭金山,同门
杨晓燕,郭金山,好友
赵四,赵玉田,父母
赵四,郭金山,父母
赵玉田,郭金山,父母
杨晓燕,郭金山,合作
王老七,杨晓燕,亲戚
王老七,郭金山,同门
杨晓燕,郭金山,亲戚
谢广坤,王老七,祖孙
谢广坤,杨晓燕,亲戚
王老七,杨晓燕,亲戚
王小蒙,谢广坤,上下级
王小蒙,王老七,上下级
王小蒙,杨晓燕,师生
谢广坤,王老七,上下级
谢广坤,杨晓燕,上下级
王老七,杨晓燕,合作
王小蒙,谢永强,师生
王小蒙,谢广坤,亲戚
王小蒙,杨晓燕,亲戚
谢广坤,杨晓燕,师生
王小蒙,谢永强,亲戚
王小蒙,谢广坤,亲戚
谢永强,谢广坤,亲戚
杨晓燕,郭金山,合作
谢广坤,皮长山,合作
谢广坤,杨晓燕,师生
皮长山,杨晓燕,合作
白清明,皮长山,好友
白清明,杨晓燕,好友
皮长山,杨晓燕,上下级
王大拿,杨晓燕,师生
王大拿,谢广坤,情侣
王大拿,皮长山,兄弟姐妹
王大拿,杨晓燕,unknown
谢广坤,皮长山,情侣
谢广坤,杨晓燕,情侣
皮长山,杨晓燕,情侣
谢大脚,黄世友,情侣
谢大脚,王云,好友
谢大脚,黄世友,unknown
谢大脚,王云,夫妻
黄世友,王云,亲戚
刘能,赵四,合作
刘能,郭金山,unknown
赵四,郭金山,同门
刘能,赵四,夫妻
刘能,赵四,上下级
赵四,郭金山,合作
刘能,赵玉田,合作
刘能,郭金山,合作
赵玉田,郭金山,兄弟姐妹
赵四,赵玉田,亲戚
赵玉田,郭金山,兄弟姐妹
赵四,赵玉田,父母
赵四,赵玉田,同门
赵四,郭金山,合作
赵玉田,郭金山,好友
赵四,郭金山,好友
刘能,宋晓峰,好友
刘能,宋晓峰,师生
刘能,宋晓峰,兄弟姐妹
刘能,郭金山,兄弟姐妹
宋晓峰,郭金山,兄弟姐妹
谢广坤,杨晓燕,好友
王小蒙,谢永强,亲戚
王小蒙,谢广坤,父母
王小蒙,杨晓燕,师生
谢永强,谢广坤,师生
谢永强,杨晓燕,师生
谢广坤,杨晓燕,师生
王小蒙,谢永强,夫妻
王小蒙,谢广坤,夫妻
谢永强,谢广坤,夫妻
王小蒙,谢广坤,兄弟姐妹
谢大脚,黄世友,unknown
谢大脚,王云,情侣
黄世友,王云,情侣
赵四,郭金山,好友
谢广坤,苏玉红,合作
谢广坤,杨晓燕,情侣
谢广坤,吴迪,情侣
苏玉红,杨晓燕,情侣
苏玉红,吴迪,合作
杨晓燕,吴迪,合作
谢广坤,皮长山,上下级
谢广坤,杨晓燕,上下级
皮长山,杨晓燕,上下级
谢广坤,皮长山,好友
谢广坤,杨晓燕,同门
皮长山,杨晓燕,师生
谢广坤,皮长山,兄弟姐妹
谢广坤,皮长山,兄弟姐妹
谢广坤,皮长山,兄弟姐妹
刘能,郭金山,父母
刘能,郭金山,同门
王大拿,谢广坤,同门
王大拿,皮长山,师生
王大拿,杨晓燕,师生
谢广坤,皮长山,亲戚
谢广坤,杨晓燕,unknown
皮长山,杨晓燕,unknown
王大拿,谢广坤,合作
王大拿,皮长山,unknown
谢广坤,皮长山,兄弟姐妹
王大拿,谢广坤,好友
王大拿,杨晓燕,unknown
谢广坤,杨晓燕,夫妻
王小蒙,王大拿,好友
王小蒙,杨晓燕,好友
王大拿,杨晓燕,好友
宋晓峰,苏玉红,好友
宋晓峰,吴迪,情侣
苏玉红,吴迪,情侣
王小蒙,谢永强,亲戚
王小蒙,杨晓燕,好友
谢永强,杨晓燕,亲戚
王小蒙,谢永强,好友
王小蒙,王大拿,unknown
王小蒙,杨晓燕,好友
谢永强,王大拿,unknown
谢永强,杨晓燕,好友
王大拿,杨晓燕,情侣
谢广坤,宋晓峰,上下级
谢广坤,白清明,情侣
谢广坤,苏玉红,情侣
谢广坤,吴迪,情侣
宋晓峰,白清明,亲戚
宋晓峰,苏玉红,同门
宋晓峰,吴迪,师生
白清明,苏玉红,合作
白清明,吴迪,情侣
苏玉红,吴迪,合作
宋晓峰,吴迪,好友
宋晓峰,吴迪,师生
苏玉红,吴迪,unknown
苏玉红,吴迪,合作
宋晓峰,苏玉红,合作
谢广坤,杨晓燕,上下级
王小蒙,谢广坤,情侣
王小蒙,王老七,亲戚
谢广坤,王老七,亲戚
王小蒙,谢广坤,unknown
王小蒙,王老七,好友
谢广坤,王老七,好友
谢广坤,王老七,师生
王小蒙,谢永强,夫妻
黄世友,王香秀,unknown
黄世友,马忠,unknown
王香秀,马忠,父母
王长贵,黄世友,情侣
王长贵,王香秀,情侣
黄世友,王香秀,情侣
谢大脚,黄世友,情侣
谢大脚,黄一芝,情侣
黄世友,黄一芝,情侣
黄世友,黄一芝,情侣
谢广坤,白清明,上下级
王云,宋晓峰,好友
谢大脚,宋晓峰,unknown
谢大脚,苏玉红,unknown
谢大脚,李副总,情侣
宋晓峰,苏玉红,unknown
宋晓峰,李副总,unknown
苏玉红,李副总,unknown
宋晓峰,苏玉红,好友
宋晓峰,李副总,unknown
苏玉红,李副总,合作
宋晓峰,苏玉红,合作
谢大脚,黄世友,情侣
王长贵,黄世友,unknown
王长贵,王香秀,unknown
黄世友,王香秀,父母
谢大脚,王香秀,亲戚
谢大脚,马忠,上下级
王香秀,马忠,兄弟姐妹
谢大脚,黄世友,夫妻
谢大脚,黄世友,好友
谢大脚,刘大脑袋,好友
谢大脚,王云,情侣
黄世友,刘大脑袋,好友
黄世友,王云,好友
刘大脑袋,王云,好友
刘大脑袋,宋晓峰,情侣
刘大脑袋,王云,兄弟姐妹
谢大脚,刘大脑袋,好友
谢大脚,王云,合作
方正,李银萍,师生
刘大脑袋,王云,情侣
谢广坤,白清明,合作
谢广坤,方正,unknown
谢广坤,李银萍,师生
谢广坤,杨晓燕,师生
白清明,方正,师生
白清明,李银萍,情侣
白清明,杨晓燕,师生
方正,李银萍,师生
方正,杨晓燕,师生
李银萍,杨晓燕,师生
白清明,李银萍,夫妻
白清明,李银萍,师生
白清明,李银萍,夫妻
白清明,李银萍,合作
谢广坤,皮长山,unknown
谢广坤,皮长山,合作
谢广坤,杨晓燕,情侣
皮长山,杨晓燕,情侣
王大拿,谢广坤,好友
王大拿,杨晓燕,好友
谢广坤,杨晓燕,好友
王大拿,谢广坤,情侣
王大拿,杨晓燕,情侣
谢广坤,杨晓燕,合作
王小蒙,谢广坤,上下级
王小蒙,杨晓燕,夫妻
谢广坤,杨晓燕,亲戚
刘能,赵四,父母
刘能,郭金山,unknown
赵四,郭金山,父母
刘能,赵四,父母
刘能,郭金山,unknown
赵四,郭金山,unknown
刘能,郭金山,合作
王小蒙,王大拿,师生
王小蒙,郭金山,合作
王大拿,郭金山,父母
王小蒙,刘能,上下级
宋晓峰,苏玉红,合作
宋晓峰,李副总,合作
苏玉红,李副总,合作
刘能,赵四,unknown
刘能,刘一水,兄弟姐妹
刘能,宋晓峰,unknown
刘能,郭金山,unknown
赵四,刘一水,unknown
赵四,宋晓峰,unknown
赵四,郭金山,上下级
刘一水,宋晓峰,师生
刘一水,郭金山,上下级
宋晓峰,郭金山,上下级
刘能,赵四,上下级
谢广坤,杨晓燕,情侣
谢广坤,杨晓燕,好友
谢大脚,黄一芝,情侣
谢大脚,黄世友,情侣
谢大脚,黄一芝,情侣
黄世友,黄一芝,情侣
谢大脚,刘大脑袋,师生
谢大脚,王云,上下级
刘大脑袋,王云,亲戚
谢大脚,刘大脑袋,师生
宋晓峰,苏玉红,上下级
宋晓峰,李副总,unknown
苏玉红,李副总,合作
王小蒙,刘一水,兄弟姐妹
王小蒙,郭金山,上下级
刘一水,郭金山,上下级
刘一水,郭金山,上下级
刘能,谢广坤,同门
刘能,宋晓峰,师生
刘能,郭金山,同门
谢广坤,宋晓峰,兄弟姐妹
谢广坤,郭金山,兄弟姐妹
宋晓峰,郭金山,合作
刘能,谢广坤,兄弟姐妹
刘能,宋晓峰,兄弟姐妹
谢广坤,宋晓峰,好友
刘能,宋晓峰,上下级
刘能,谢广坤,夫妻
刘能,谢广坤,好友
刘能,宋晓峰,兄弟姐妹
谢广坤,宋晓峰,师生
刘能,谢广坤,同门
刘能,宋晓峰,兄弟姐妹
谢广坤,宋晓峰,同门
谢广坤,宋晓峰,上下级
谢广坤,宋晓峰,兄弟姐妹
谢广坤,宋晓峰,情侣
王小蒙,郭金山,上下级
宋晓峰,郭金山,兄弟姐妹
宋晓峰,郭金山,父母
宋晓峰,郭金山,好友
宋晓峰,郭金山,同门
宋晓峰,郭金山,合作
宋晓峰,郭金山,情侣
谢广坤,宋晓峰,兄弟姐妹
谢广坤,郭金山,同门
宋晓峰,郭金山,兄弟姐妹
宋晓峰,郭金山,合作
王小蒙,赵四,好友
王小蒙,郭金山,好友
赵四,郭金山,好友
刘能,赵四,好友
王小蒙,谢广坤,师生
王小蒙,郭金山,上下级
谢广坤,郭金山,上下级
谢广坤,赵四,unknown
谢广坤,郭金山,夫妻
赵四,郭金山,unknown
谢广坤,郭金山,情侣
刘能,赵四,上下级
刘能,赵四,unknown
刘能,郭金山,合作
赵四,郭金山,兄弟姐妹
刘能,赵四,兄弟姐妹
刘能,郭金山,同门
刘能,郭金山,师生
刘能,郭金山,合作
刘能,赵四,夫妻
谢广坤,郭金山,亲戚
谢广坤,王兵,亲戚
郭金山,王兵,上下级
谢广坤,郭金山,上下级
谢广坤,王兵,上下级
郭金山,王兵,兄弟姐妹
谢广坤,王兵,亲戚
谢广坤,王兵,夫妻
谢广坤,王兵,师生
谢广坤,王兵,合作
谢大脚,黄世友,父母
谢大脚,王香秀,情侣
谢大脚,黄一芝,情侣
黄世友,王香秀,情侣
黄世友,黄一芝,情侣
王香秀,黄一芝,情侣
谢大脚,黄世友,情侣
谢大脚,黄一芝,情侣
黄世友,黄一芝,情侣
谢大脚,黄世友,情侣
谢大脚,王云,情侣
黄世友,王云,情侣
王香秀,黄一芝,夫妻
宋晓峰,苏玉红,unknown
王小蒙,郭金山,兄弟姐妹
谢广坤,王兵,合作
王小蒙,谢永强,夫妻
谢永强,谢广坤,父母
谢广坤,王兵,好友
王小蒙,谢广坤,合作
王小蒙,王兵,情侣
谢广坤,王兵,情侣
王大拿,宋晓峰,好友
王大拿,苏玉红,好友
王大拿,李副总,unknown
王大拿,杨晓燕,好友
宋晓峰,苏玉红,合作
宋晓峰,李副总,unknown
宋晓峰,杨晓燕,好友
苏玉红,李副总,unknown
苏玉红,杨晓燕,好友
李副总,杨晓燕,unknown
王大拿,宋晓峰,兄弟姐妹
王大拿,苏玉红,合作
宋晓峰,苏玉红,好友
王大拿,李副总,夫妻
王大拿,宋晓峰,夫妻
王大拿,李副总,夫妻
宋晓峰,李副总,好友
王大拿,宋晓峰,好友
王大拿,宋晓峰,同门
王大拿,宋晓峰,同门
王大拿,宋晓峰,师生
王大拿,宋晓峰,同门
王大拿,宋晓峰,好友
王大拿,李副总,情侣
宋晓峰,李副总,情侣
王大拿,宋晓峰,情侣
王大拿,苏玉红,情侣
宋晓峰,苏玉红,情侣
王大拿,宋晓峰,合作
王大拿,苏玉红,合作
宋晓峰,苏玉红,合作
王大拿,宋晓峰,兄弟姐妹
李大国,王香秀,unknown
王大拿,杨晓燕,夫妻
谢广坤,王兵,情侣
王小蒙,谢广坤,情侣
王小蒙,王兵,上下级
谢广坤,王兵,兄弟姐妹
王小蒙,谢广坤,夫妻
王小蒙,郭金山,unknown
王小蒙,王兵,夫妻
谢广坤,郭金山,unknown
谢广坤,王兵,好友
郭金山,王兵,上下级
刘能,谢广坤,亲戚
刘能,谢大脚,情侣
刘能,黄世友,情侣
刘能,王云,情侣
刘能,王香秀,师生
刘能,王兵,父母
谢广坤,谢大脚,情侣
谢广坤,黄世友,情侣
谢广坤,王云,情侣
谢广坤,王香秀,夫妻
谢广坤,王兵,夫妻
谢大脚,黄世友,情侣
谢大脚,王云,情侣
谢大脚,王香秀,情侣
谢大脚,王兵,情侣
黄世友,王云,情侣
黄世友,王香秀,情侣
黄世友,王兵,情侣
王云,王香秀,夫妻
王云,王兵,unknown
王香秀,王兵,夫妻
谢大脚,黄世友,兄弟姐妹
谢大脚,王香秀,父母
谢大脚,黄一芝,unknown
黄世友,王香秀,父母
黄世友,黄一芝,unknown
王香秀,黄一芝,夫妻
谢大脚,黄一芝,好友
李大国,王香秀,师生
李大国,马忠,夫妻
李大国,李小国,情侣
马忠,李小国,情侣
李大国,王香秀,情侣
李大国,李小国,情侣
王香秀,李小国,情侣
李大国,王香秀,夫妻
李大国,马忠,上下级
王香秀,马忠,上下级
王大拿,宋晓峰,好友
王大拿,苏玉红,好友
王大拿,杨晓燕,好友
宋晓峰,苏玉红,好友
宋晓峰,杨晓燕,好友
苏玉红,杨晓燕,师生
宋晓峰,杨晓燕,好友
王大拿,苏玉红,好友
王大拿,杨晓燕,好友
苏玉红,杨晓燕,夫妻
刘能,郭金山,兄弟姐妹
刘能,赵玉田,父母
刘能,赵玉田,夫妻
王小蒙,王兵,夫妻
谢广坤,王兵,合作
谢广坤,王兵,情侣
王小蒙,谢广坤,合作
王小蒙,王兵,上下级
谢广坤,王兵,合作
谢广坤,王兵,兄弟姐妹
宋晓峰,苏玉红,好友
宋晓峰,王木生,好友
苏玉红,王木生,好友
宋晓峰,苏玉红,好友
宋晓峰,苏玉红,好友
宋晓峰,苏玉红,合作
宋晓峰,苏玉红,兄弟姐妹
宋晓峰,苏玉红,上下级
宋晓峰,苏玉红,师生
宋晓峰,苏玉红,合作
宋晓峰,苏玉红,合作
宋晓峰,苏玉红,情侣
宋晓峰,苏玉红,好友
宋晓峰,苏玉红,情侣
王大拿,杨晓燕,父母
王大拿,王木生,父母
杨晓燕,王木生,父母
王大拿,杨晓燕,师生
刘能,谢大脚,夫妻
刘能,黄世友,情侣
谢大脚,黄世友,情侣
谢大脚,王长贵,情侣
谢大脚,黄世友,情侣
王长贵,黄世友,上下级
王小蒙,谢广坤,夫妻
王小蒙,谢大脚,合作
王小蒙,黄世友,合作
王小蒙,刘一水,好友
王小蒙,高飞,夫妻
谢广坤,谢大脚,unknown
谢广坤,黄世友,合作
谢广坤,刘一水,unknown
谢广坤,高飞,情侣
谢大脚,黄世友,合作
谢大脚,刘一水,好友
谢大脚,高飞,情侣
黄世友,刘一水,unknown
黄世友,高飞,情侣
刘一水,高飞,情侣
王小蒙,谢广坤,情侣
王小蒙,高飞,兄弟姐妹
谢广坤,高飞,情侣
王小蒙,刘一水,师生
王小蒙,郭金山,unknown
刘一水,郭金山,师生
王小蒙,谢永强,夫妻
王小蒙,刘一水,夫妻
谢永强,刘一水,夫妻
王小蒙,刘一水,情侣
王大拿,杨晓燕,夫妻
王大拿,王木生,父母
杨晓燕,王木生,父母
王大拿,杨晓燕,夫妻
王大拿,王木生,师生
杨晓燕,王木生,夫妻
王大拿,杨晓燕,好友
谢大脚,黄世友,情侣
谢大脚,黄世友,合作
谢大脚,黄世友,情侣
黄世友,王香秀,父母
黄世友,黄一芝,夫妻
王香秀,黄一芝,父母
谢大脚,黄世友,情侣
谢大脚,王香秀,父母
谢大脚,黄一芝,上下级
黄世友,王香秀,父母
黄世友,黄一芝,合作
王香秀,黄一芝,情侣
刘能,王长贵,unknown
刘能,黄世友,好友
王长贵,黄世友,师生
谢大脚,黄世友,合作
谢大脚,黄世友,兄弟姐妹
谢大脚,王云,情侣
黄世友,王云,情侣
刘能,谢大脚,情侣
刘能,黄世友,好友
谢大脚,黄世友,情侣
谢大脚,黄世友,情侣
刘能,谢大脚,情侣
刘能,黄世友,情侣
谢大脚,黄世友,情侣
谢广坤,谢大脚,情侣
谢广坤,黄世友,情侣
谢大脚,黄世友,情侣
谢广坤,谢大脚,unknown
谢广坤,黄世友,unknown
谢大脚,黄世友,好友
谢广坤,谢大脚,上下级
谢广坤,黄世友,上下级
谢大脚,黄世友,上下级
谢大脚,黄世友,合作
刘能,谢大脚,合作
刘能,黄世友,合作
谢大脚,黄世友,合作
李大国,刘一水,夫妻
李大国,王香秀,上下级
李大国,刘一水,情侣
王香秀,刘一水,上下级
刘能,谢大脚,合作
刘能,谢大脚,unknown
刘能,黄世友,情侣
谢大脚,黄世友,情侣
刘能,谢大脚,上下级
刘能,黄世友,合作
谢大脚,黄世友,上下级
刘能,谢大脚,上下级
刘能,黄世友,合作
谢大脚,黄世友,上下级
谢大脚,王长贵,情侣
谢大脚,黄世友,情侣
王长贵,黄世友,情侣
谢大脚,黄世友,情侣
王长贵,黄世友,上下级
刘能,谢大脚,合作
刘能,黄世友,好友
谢大脚,黄世友,好友
刘能,谢大脚,师生
刘能,苏玉红,合作
谢大脚,苏玉红,师生
王大拿,宋晓峰,好友
王大拿,宋晓峰,好友
王大拿,苏玉红,情侣
宋晓峰,苏玉红,情侣
刘能,谢广坤,unknown
刘能,谢广坤,上下级
赵四,郭金山,师生
刘能,谢大脚,夫妻
刘能,黄世友,好友
谢大脚,黄世友,好友
刘能,黄世友,夫妻
宋晓峰,杨晓燕,师生
宋晓峰,杨晓燕,情侣
王大拿,宋晓峰,好友
王大拿,杨晓燕,合作
宋晓峰,杨晓燕,亲戚
王大拿,杨晓燕,夫妻
宋晓峰,杨晓燕,unknown
王大拿,宋晓峰,好友
王大拿,杨晓燕,好友
宋晓峰,杨晓燕,好友
谢大脚,黄世友,情侣
谢大脚,王云,同门
黄世友,王云,夫妻
谢大脚,黄世友,夫妻
谢大脚,黄世友,情侣
谢大脚,刘大脑袋,情侣
谢大脚,王云,情侣
黄世友,刘大脑袋,情侣
黄世友,王云,情侣
刘大脑袋,王云,夫妻
谢大脚,黄世友,好友
刘能,黄世友,师生
刘能,谢广坤,情侣
刘能,郭金山,unknown
谢广坤,谢大脚,情侣
谢广坤,黄世友,情侣
谢大脚,黄世友,情侣
刘能,谢广坤,夫妻
刘能,谢广坤,合作
刘能,谢广坤,情侣
刘能,宋晓峰,情侣
谢广坤,宋晓峰,情侣
刘能,谢广坤,情侣
刘能,宋晓峰,父母
谢广坤,宋晓峰,上下级
刘能,谢广坤,合作
刘能,赵四,好友
王小蒙,杨晓燕,好友
王小蒙,杨晓燕,好友
谢大脚,黄世友,夫妻
谢大脚,黄世友,兄弟姐妹
谢大脚,黄世友,情侣
王大拿,刘能,好友
王大拿,宋晓峰,好友
王大拿,杨晓燕,好友
刘能,宋晓峰,好友
刘能,杨晓燕,好友
宋晓峰,杨晓燕,好友
宋晓峰,李副总,上下级
宋晓峰,李副总,上下级
刘能,谢广坤,同门
刘能,谢广坤,合作
刘能,谢广坤,合作
刘能,谢广坤,夫妻
刘能,谢广坤,合作
刘能,谢广坤,上下级
刘能,谢广坤,合作
刘能,谢广坤,合作
刘能,谢广坤,情侣
刘能,谢广坤,好友
刘能,谢广坤,师生
刘能,郭金山,师生
谢广坤,郭金山,师生
谢永强,皮长山,父母
谢永强,白清明,情侣
王小蒙,谢广坤,情侣
王小蒙,白清明,情侣
王小蒙,高飞,夫妻
谢广坤,白清明,情侣
谢广坤,高飞,情侣
白清明,高飞,夫妻
王小蒙,谢广坤,合作
王小蒙,高飞,情侣
王小蒙,王兵,合作
谢广坤,高飞,情侣
谢广坤,王兵,情侣
高飞,王兵,情侣
王小蒙,白清明,合作
王小蒙,高飞,情侣
白清明,高飞,好友
王小蒙,谢广坤,夫妻
王小蒙,谢广坤,夫妻
白清明,陈艳南,同门
白清明,陈艳南,师生
白清明,李银萍,师生
陈艳南,李银萍,师生
宋晓峰,白清明,师生
宋晓峰,陈艳南,师生
白清明,陈艳南,师生
宋晓峰,陈艳南,夫妻
白清明,陈艳南,情侣
王小蒙,谢永强,夫妻
王小蒙,谢广坤,夫妻
谢永强,谢广坤,夫妻
王小蒙,谢广坤,夫妻
王小蒙,谢永强,夫妻
王小蒙,谢永强,unknown
王小蒙,谢永强,好友
王小蒙,谢广坤,夫妻
谢永强,谢广坤,上下级
王小蒙,谢永强,夫妻
宋晓峰,陈艳南,兄弟姐妹
宋晓峰,白清明,兄弟姐妹
宋晓峰,陈艳南,兄弟姐妹
白清明,陈艳南,兄弟姐妹
宋晓峰,陈艳南,好友
赵四,刘大脑袋,兄弟姐妹
赵四,陈艳南,上下级
赵四,宋富贵,上下级
刘大脑袋,陈艳南,兄弟姐妹
刘大脑袋,宋富贵,父母
陈艳南,宋富贵,上下级
赵四,刘大脑袋,好友
赵四,王云,好友
刘大脑袋,王云,师生
赵四,刘大脑袋,师生
赵四,宋富贵,夫妻
赵四,宋富贵,夫妻
赵四,刘一水,好友
宋晓峰,陈艳南,兄弟姐妹
宋晓峰,陈艳南,夫妻
宋晓峰,陈艳南,兄弟姐妹
宋晓峰,陈艳南,亲戚
宋晓峰,白清明,情侣
宋晓峰,陈艳南,情侣
宋晓峰,李副总,情侣
白清明,陈艳南,情侣
白清明,李副总,情侣
陈艳南,李副总,亲戚
宋晓峰,陈艳南,兄弟姐妹
宋晓峰,陈艳南,合作
谢永强,谢广坤,师生
谢永强,白清明,夫妻
谢广坤,白清明,师生
王小蒙,谢永强,夫妻
王小蒙,谢广坤,夫妻
王小蒙,高飞,夫妻
谢永强,谢广坤,夫妻
谢永强,高飞,夫妻
谢广坤,高飞,夫妻
王小蒙,谢永强,父母
刘能,赵四,上下级
刘能,刘大脑袋,上下级
赵四,刘大脑袋,好友
刘能,刘大脑袋,兄弟姐妹
赵四,谢大脚,兄弟姐妹
赵四,刘大脑袋,师生
赵四,王云,兄弟姐妹
谢大脚,刘大脑袋,师生
谢大脚,王云,好友
刘大脑袋,王云,兄弟姐妹
赵四,刘大脑袋,好友
赵四,王云,unknown
刘大脑袋,王云,unknown
赵四,刘大脑袋,兄弟姐妹
赵四,刘大脑袋,好友
宋晓峰,白清明,师生
宋晓峰,陈艳南,亲戚
白清明,陈艳南,同门
宋晓峰,白清明,情侣
宋晓峰,陈艳南,亲戚
白清明,陈艳南,夫妻
宋晓峰,白清明,亲戚
宋晓峰,陈艳南,情侣
白清明,陈艳南,情侣
谢大脚,黄世友,情侣
谢大脚,王老七,情侣
黄世友,王老七,情侣
赵玉田,郭金山,兄弟姐妹
谢大脚,黄世友,好友
谢大脚,王老七,好友
黄世友,王老七,兄弟姐妹
谢大脚,黄世友,上下级
谢大脚,黄世友,情侣
谢大脚,郭金山,unknown
黄世友,郭金山,好友
王小蒙,谢广坤,情侣
王小蒙,白清明,unknown
王小蒙,高飞,unknown
王小蒙,黄一芝,unknown
谢广坤,白清明,夫妻
谢广坤,高飞,夫妻
谢广坤,黄一芝,夫妻
白清明,高飞,夫妻
白清明,黄一芝,夫妻
高飞,黄一芝,夫妻
王小蒙,谢广坤,夫妻
王小蒙,高飞,夫妻
谢广坤,高飞,夫妻
谢广坤,高飞,情侣
王小蒙,谢广坤,情侣
王小蒙,高飞,兄弟姐妹
谢广坤,高飞,好友
谢广坤,高飞,夫妻
谢广坤,高飞,情侣
谢广坤,高飞,夫妻
王小蒙,谢广坤,兄弟姐妹
王小蒙,高飞,unknown
谢广坤,高飞,情侣
王小蒙,谢广坤,unknown
王小蒙,高飞,unknown
谢广坤,高飞,情侣
谢广坤,谢大脚,情侣
谢广坤,黄世友,情侣
谢大脚,黄世友,情侣
谢大脚,黄世友,情侣
白清明,黄一芝,夫妻
白清明,黄一芝,夫妻
白清明,黄一芝,夫妻
赵四,刘大脑袋,师生
赵四,刘大脑袋,合作
赵四,刘大脑袋,兄弟姐妹
赵四,刘大脑袋,好友
赵四,杨晓燕,兄弟姐妹
刘大脑袋,杨晓燕,好友
杨晓燕,王木生,师生
王大拿,杨晓燕,父母
王大拿,王木生,父母
王大拿,丁宁,unknown
杨晓燕,王木生,父母
杨晓燕,丁宁,父母
王木生,丁宁,夫妻
王大拿,杨晓燕,合作
王大拿,王木生,夫妻
王大拿,杨晓燕,unknown
王大拿,王木生,unknown
王大拿,丁宁,父母
杨晓燕,王木生,unknown
杨晓燕,丁宁,unknown
王木生,丁宁,父母
王大拿,杨晓燕,夫妻
王大拿,王木生,夫妻
杨晓燕,王木生,夫妻
刘能,赵四,上下级
刘能,刘大脑袋,上下级
赵四,刘大脑袋,上下级
刘能,赵四,夫妻
刘能,刘大脑袋,兄弟姐妹
赵四,刘大脑袋,上下级
刘能,赵四,兄弟姐妹
刘能,刘大脑袋,兄弟姐妹
赵四,刘大脑袋,兄弟姐妹
赵四,刘大脑袋,夫妻
赵四,刘大脑袋,合作
赵四,刘大脑袋,上下级
刘大脑袋,王云,师生
赵四,刘大脑袋,好友
赵四,王云,好友
刘大脑袋,王云,合作
白清明,黄一芝,夫妻
白清明,黄一芝,情侣
谢永强,谢广坤,兄弟姐妹
谢永强,赵四,情侣
谢永强,白清明,情侣
谢永强,黄一芝,夫妻
谢广坤,赵四,父母
谢广坤,白清明,父母
谢广坤,黄一芝,夫妻
赵四,白清明,父母
赵四,黄一芝,情侣
白清明,黄一芝,情侣
赵四,刘大脑袋,合作
赵四,刘大脑袋,兄弟姐妹
赵四,刘大脑袋,师生
赵四,刘大脑袋,情侣
王小蒙,谢永强,夫妻
王小蒙,谢永强,好友
王小蒙,谢永强,夫妻
王小蒙,谢永强,夫妻
谢大脚,王云,情侣
谢大脚,宋晓峰,情侣
谢大脚,陈艳南,unknown
谢大脚,苏玉红,好友
王云,宋晓峰,情侣
王云,陈艳南,unknown
王云,苏玉红,兄弟姐妹
宋晓峰,陈艳南,unknown
宋晓峰,苏玉红,夫妻
陈艳南,苏玉红,unknown
宋晓峰,陈艳南,兄弟姐妹
宋晓峰,白清明,好友
宋晓峰,陈艳南,上下级
白清明,陈艳南,师生
宋晓峰,白清明,师生
宋晓峰,陈艳南,师生
白清明,陈艳南,夫妻
王小蒙,白清明,情侣
王小蒙,黄一芝,夫妻
白清明,黄一芝,情侣
白清明,陈艳南,夫妻
白清明,黄一芝,情侣
陈艳南,黄一芝,好友
谢永强,白清明,情侣
谢永强,杨晓燕,情侣
谢永强,黄一芝,情侣
白清明,杨晓燕,情侣
白清明,黄一芝,情侣
杨晓燕,黄一芝,情侣
谢大脚,黄一芝,情侣
谢大脚,黄世友,情侣
谢大脚,黄一芝,好友
黄世友,黄一芝,情侣
白清明,黄一芝,夫妻
黄世友,白清明,师生
黄世友,黄一芝,情侣
白清明,黄一芝,师生
谢广坤,高飞,上下级
谢广坤,王兵,父母
高飞,王兵,夫妻
谢广坤,高飞,亲戚
谢广坤,王兵,情侣
高飞,王兵,夫妻
高飞,王兵,夫妻
王小蒙,谢永强,夫妻
王小蒙,皮长山,夫妻
谢永强,皮长山,夫妻
皮长山,谢兰,祖孙
王小蒙,谢永强,夫妻
王小蒙,谢永强,夫妻
王小蒙,谢永强,合作
谢永强,皮长山,合作
谢大脚,宋晓峰,情侣
谢大脚,宋晓峰,兄弟姐妹
谢大脚,黄一芝,情侣
白清明,黄一芝,情侣
谢永强,刘能,师生
谢永强,谢大脚,情侣
谢永强,黄世友,师生
谢永强,宋晓峰,同门
刘能,谢大脚,兄弟姐妹
刘能,黄世友,兄弟姐妹
刘能,宋晓峰,兄弟姐妹
谢大脚,黄世友,亲戚
谢大脚,宋晓峰,情侣
黄世友,宋晓峰,兄弟姐妹
谢永强,黄世友,上下级
谢永强,刘一水,好友
黄世友,刘一水,兄弟姐妹
黄世友,刘一水,情侣
黄世友,刘一水,夫妻
谢永强,黄世友,师生
谢永强,刘一水,同门
黄世友,刘一水,兄弟姐妹
谢永强,黄世友,夫妻
谢广坤,黄世友,师生
王大拿,杨晓燕,好友
王大拿,宋晓峰,师生
王大拿,宋晓峰,unknown
刘能,谢大脚,情侣
刘能,谢大脚,亲戚
赵四,刘大脑袋,同门
刘能,赵四,合作
刘能,刘大脑袋,好友
赵四,刘大脑袋,好友
刘能,赵四,兄弟姐妹
刘能,刘大脑袋,兄弟姐妹
赵四,刘大脑袋,unknown
刘能,谢广坤,合作
刘能,宋晓峰,情侣
刘能,苏玉红,合作
谢广坤,宋晓峰,情侣
谢广坤,苏玉红,情侣
宋晓峰,苏玉红,情侣
谢大脚,黄世友,unknown
谢大脚,黄世友,情侣
刘能,谢广坤,情侣
刘能,谢广坤,unknown
谢大脚,宋晓峰,兄弟姐妹
谢大脚,黄一芝,兄弟姐妹
宋晓峰,黄一芝,夫妻
宋晓峰,黄一芝,夫妻
宋晓峰,黄一芝,同门
宋晓峰,黄一芝,兄弟姐妹
宋晓峰,黄一芝,亲戚
谢大脚,黄世友,合作
谢大脚,宋晓峰,情侣
谢大脚,黄一芝,情侣
黄世友,宋晓峰,情侣
黄世友,黄一芝,情侣
宋晓峰,黄一芝,兄弟姐妹
谢大脚,宋晓峰,上下级
赵四,刘大脑袋,好友
赵四,刘大脑袋,好友
赵四,刘大脑袋,合作
刘能,谢广坤,情侣
刘能,郭金山,情侣
谢广坤,郭金山,合作
谢大脚,李大国,unknown
谢大脚,王香秀,师生
谢大脚,黄一芝,unknown
李大国,王香秀,unknown
李大国,黄一芝,情侣
王香秀,黄一芝,上下级
谢大脚,王香秀,上下级
李大国,王香秀,夫妻
李大国,王香秀,师生
李大国,王香秀,unknown
李大国,马忠,unknown
王香秀,马忠,上下级
李大国,王香秀,unknown
李大国,马忠,unknown
李大国,李小国,unknown
王香秀,马忠,父母
王香秀,李小国,父母
马忠,李小国,父母
王香秀,马忠,上下级
宋晓峰,王木生,情侣
宋晓峰,黄一芝,情侣
王木生,黄一芝,夫妻
宋晓峰,王木生,上下级
王木生,黄一芝,好友
宋晓峰,王木生,合作
宋晓峰,黄一芝,夫妻
王木生,黄一芝,合作
赵四,刘大脑袋,师生
赵四,刘大脑袋,师生
赵四,王云,夫妻
刘大脑袋,王云,师生
刘能,谢广坤,情侣
刘能,谢广坤,师生
刘能,谢广坤,师生
王香秀,黄一芝,情侣
王香秀,马忠,情侣
黄一芝,马忠,夫妻
李大国,王香秀,情侣
李大国,马忠,情侣
王香秀,马忠,情侣
王香秀,马忠,父母
王香秀,马忠,情侣
谢永强,黄世友,夫妻
宋晓峰,李副总,情侣
宋晓峰,王木生,师生
宋晓峰,黄一芝,上下级
李副总,王木生,情侣
李副总,黄一芝,祖孙
王木生,黄一芝,上下级
王木生,黄一芝,同门
宋晓峰,陈艳南,unknown
宋晓峰,王木生,好友
宋晓峰,黄一芝,情侣
陈艳南,王木生,unknown
陈艳南,黄一芝,unknown
王木生,黄一芝,好友
宋晓峰,王木生,师生
宋晓峰,黄一芝,师生
王木生,黄一芝,夫妻
宋晓峰,王木生,好友
宋晓峰,王木生,情侣
谢大脚,黄一芝,情侣
谢大脚,王木生,好友
谢大脚,黄一芝,unknown
王木生,黄一芝,好友
谢大脚,宋晓峰,情侣
谢大脚,黄一芝,情侣
宋晓峰,黄一芝,情侣
宋晓峰,陈艳南,亲戚
宋晓峰,李副总,情侣
陈艳南,李副总,上下级
刘能,谢广坤,情侣
刘能,宋晓峰,情侣
谢广坤,宋晓峰,情侣
刘能,谢广坤,上下级
刘能,谢广坤,亲戚
刘能,谢广坤,情侣
刘能,谢广坤,情侣
王大拿,宋晓峰,unknown
王大拿,王木生,unknown
宋晓峰,王木生,好友
赵四,刘大脑袋,师生
赵四,刘大脑袋,合作
赵四,刘大脑袋,好友
刘能,赵四,好友
刘能,刘大脑袋,好友
赵四,刘大脑袋,情侣
宋晓峰,郭金山,情侣
刘大脑袋,宋晓峰,上下级
刘能,赵四,unknown
刘能,刘大脑袋,情侣
赵四,刘大脑袋,情侣
刘能,赵四,师生
刘能,赵四,合作
刘能,刘大脑袋,情侣
赵四,刘大脑袋,情侣
刘能,赵四,祖孙
刘能,刘大脑袋,unknown
赵四,刘大脑袋,同门
宋晓峰,陈艳南,unknown
宋晓峰,李副总,上下级
宋晓峰,李副总,情侣
宋晓峰,李副总,兄弟姐妹
宋晓峰,李副总,情侣
宋晓峰,李副总,夫妻
宋晓峰,李副总,情侣
宋晓峰,李副总,合作
宋晓峰,李副总,上下级
李大国,王香秀,夫妻
李大国,马忠,夫妻
王香秀,马忠,上下级
刘能,赵四,夫妻
刘能,刘大脑袋,unknown
赵四,刘大脑袋,unknown
赵四,刘大脑袋,好友
赵四,刘大脑袋,好友
赵四,宋晓峰,好友
刘大脑袋,宋晓峰,好友
赵四,刘大脑袋,夫妻
赵四,王云,好友
刘大脑袋,王云,上下级
谢大脚,李大国,父母
谢大脚,王香秀,父母
李大国,王香秀,父母
谢大脚,李大国,unknown
谢大脚,王香秀,情侣
李大国,王香秀,夫妻
谢大脚,黄世友,情侣
谢大脚,王老七,情侣
谢大脚,黄一芝,父母
谢大脚,黄世友,情侣
宋晓峰,李副总,上下级
宋晓峰,王木生,夫妻
宋晓峰,王木生,好友
宋晓峰,王木生,好友
刘能,赵四,夫妻
刘能,刘大脑袋,好友
赵四,刘大脑袋,好友
赵四,刘大脑袋,好友
刘大脑袋,刘乾,好友
刘能,刘大脑袋,兄弟姐妹
王小蒙,谢永强,亲戚
刘能,赵四,好友
刘能,刘英,兄弟姐妹
刘能,赵玉田,夫妻
赵四,刘英,unknown
赵四,赵玉田,unknown
刘英,赵玉田,兄弟姐妹
刘英,刘英娘,合作
刘能,赵四,上下级
刘能,刘英,合作
刘能,刘英娘,上下级
赵四,刘英,上下级
赵四,刘英娘,上下级
刘英,刘英娘,父母
刘能,刘英,师生
刘能,赵四,合作
刘能,刘英,师生
赵四,赵玉田,兄弟姐妹
刘能,刘英,夫妻
谢广坤,刘英,夫妻
刘能,谢广坤,亲戚
刘能,谢广坤,上下级
刘能,皮志高,合作
谢广坤,皮志高,师生
谢广坤,谢兰,情侣
谢广坤,皮志高,师生
谢兰,皮志高,情侣
刘能,谢广坤,合作
刘能,谢广坤,合作
谢广坤,赵四,父母
谢广坤,王老七,兄弟姐妹
谢广坤,永强娘,兄弟姐妹
王老七,永强娘,合作
谢广坤,谢大脚,兄弟姐妹
刘能,谢广坤,合作
刘能,谢大脚,上下级
谢广坤,谢大脚,合作
刘能,谢大脚,父母
刘能,谢广坤,合作
刘能,赵四,合作
谢广坤,赵四,兄弟姐妹
谢广坤,王老七,夫妻
谢广坤,谢兰,情侣
谢兰,校长,上下级
谢广坤,永强娘,情侣
谢广坤,永强娘,情侣
王小蒙,王老七,师生
王小蒙,谢永强,夫妻
王小蒙,黄亚萍,夫妻
谢永强,黄亚萍,夫妻
王小蒙,永强娘,夫妻
刘英,赵玉田,夫妻
刘英,赵玉田,夫妻
刘英,赵玉田,合作
谢大脚,苏玉红,亲戚
谢大脚,苏玉红,师生
刘能,刘英,兄弟姐妹
王小蒙,谢广坤,师生
王小蒙,王老七,夫妻
王小蒙,永强娘,合作
谢广坤,王老七,夫妻
谢广坤,永强娘,好友
王老七,永强娘,好友
谢广坤,永强娘,情侣
王老七,小蒙娘,好友
谢广坤,永强娘,情侣
刘能,苏玉红,上下级
白清明,李秋歌,好友
王小蒙,谢广坤,师生
王小蒙,王老七,师生
谢广坤,王老七,师生
王小蒙,永强娘,上下级
王小蒙,永强娘,上下级
谢大脚,王云,上下级
谢大脚,苏玉红,兄弟姐妹
永强娘,徐会计,师生
永强娘,徐会计,合作
谢广坤,徐会计,师生
谢广坤,徐会计,合作
刘能,苏玉红,合作
谢大脚,王云,师生
刘能,谢大脚,兄弟姐妹
刘英,赵玉田,合作
刘能,刘英,夫妻
刘能,苏玉红,父母
王小蒙,谢广坤,情侣
王小蒙,王老七,夫妻
谢广坤,王老七,兄弟姐妹
刘能,苏玉红,合作
刘英,赵玉田,合作
谢广坤,徐会计,合作
谢大脚,李大国,师生
刘能,刘英,合作
刘能,赵四,夫妻
刘能,刘英,师生
赵四,刘英,师生
刘能,赵四,上下级
刘能,谢广坤,夫妻
刘能,王老七,夫妻
谢广坤,王老七,夫妻
刘能,赵四,上下级
刘能,王老七,兄弟姐妹
赵四,王老七,好友
谢广坤,赵四,上下级
谢广坤,王老七,上下级
赵四,王老七,合作
谢广坤,赵四,兄弟姐妹
谢广坤,王老七,情侣
谢广坤,徐会计,师生
赵四,王老七,夫妻
赵四,徐会计,师生
王老七,徐会计,父母
谢大脚,李大国,合作
刘能,谢广坤,unknown
刘能,赵四,好友
刘能,徐会计,情侣
谢广坤,赵四,上下级
谢广坤,徐会计,合作
赵四,徐会计,合作
王小蒙,谢永强,兄弟姐妹
刘大脑袋,王云,情侣
谢广坤,赵四,上下级
谢广坤,玉田娘,合作
谢广坤,徐会计,兄弟姐妹
赵四,玉田娘,上下级
赵四,徐会计,父母
玉田娘,徐会计,上下级
刘能,玉田娘,上下级
刘能,赵四,父母
王小蒙,谢永强,夫妻
谢永强,黄亚萍,夫妻
王小蒙,黄亚萍,夫妻
王大拿,谢大脚,夫妻
王大拿,刘大脑袋,情侣
谢大脚,刘大脑袋,夫妻
王大拿,谢大脚,情侣
王大拿,刘大脑袋,情侣
王大拿,杨晓燕,情侣
刘大脑袋,杨晓燕,夫妻
王大拿,王天来,夫妻
王大拿,李秋歌,夫妻
王天来,李秋歌,夫妻
王大拿,谢大脚,兄弟姐妹
王大拿,刘大脑袋,好友
王大拿,王天来,上下级
刘能,谢广坤,情侣
刘能,赵四,情侣
刘能,徐会计,合作
谢广坤,赵四,情侣
谢广坤,徐会计,情侣
赵四,徐会计,情侣
谢大脚,老严,unknown
谢大脚,老严,合作
谢大脚,齐三太,夫妻
苏玉红,齐三太,上下级
谢广坤,徐会计,合作
谢广坤,齐三太,合作
谢广坤,徐会计,情侣
齐三太,徐会计,师生
刘能,谢广坤,合作
刘能,徐会计,师生
谢广坤,徐会计,师生
谢广坤,徐会计,合作
刘能,赵四,师生
刘能,赵玉田,合作
赵四,赵玉田,合作
刘能,赵四,合作
刘能,赵四,师生
刘能,赵四,情侣
刘一水,谢小梅,夫妻
李大国,刘一水,合作
李大国,刘一水,师生
刘英,刘英娘,合作
刘能,刘英,上下级
刘能,赵玉田,合作
刘能,刘英娘,合作
刘英,赵玉田,合作
刘英,刘英娘,合作
赵玉田,刘英娘,合作
刘能,赵玉田,兄弟姐妹
赵四,玉田娘,合作
赵四,刘英,好友
谢大脚,王云,合作
王大拿,谢大脚,兄弟姐妹
王大拿,刘大脑袋,同门
刘能,刘英,好友
谢大脚,苏玉红,亲戚
谢大脚,苏玉红,夫妻
谢大脚,王云,上下级
谢大脚,王云,亲戚
谢大脚,李福,兄弟姐妹
谢大脚,徐会计,合作
刘能,谢广坤,师生
刘能,赵四,好友
刘能,王老七,unknown
刘能,刘英,夫妻
谢广坤,赵四,合作
谢广坤,王老七,师生
谢广坤,刘英,师生
赵四,王老七,合作
赵四,刘英,夫妻
王老七,刘英,夫妻
刘能,赵四,好友
刘能,谢大脚,合作
刘能,刘英,合作
刘能,刘英娘,合作
谢大脚,刘英,合作
谢大脚,刘英娘,合作
刘英,刘英娘,上下级
赵四,玉田娘,亲戚
赵四,玉田娘,合作
王小蒙,谢永强,情侣
王小蒙,谢广坤,情侣
王小蒙,王老七,情侣
谢永强,谢广坤,情侣
谢永强,王老七,情侣
谢广坤,王老七,情侣
王小蒙,谢永强,亲戚
王小蒙,王老七,师生
谢永强,王老七,亲戚
谢永强,黄亚萍,合作
谢广坤,王老七,合作
谢广坤,王老七,师生
谢广坤,黄亚萍,师生
王老七,黄亚萍,兄弟姐妹
谢广坤,王老七,合作
谢广坤,陈艳南,合作
王老七,陈艳南,同门
谢永强,陈艳南,亲戚
谢广坤,王老七,夫妻
王小蒙,谢广坤,兄弟姐妹
王小蒙,王老七,师生
谢广坤,王老七,合作
王小蒙,王老七,同门
王小蒙,黄亚萍,夫妻
王老七,黄亚萍,夫妻
谢大脚,王天来,夫妻
谢大脚,李秋歌,夫妻
王天来,李秋歌,夫妻
谢大脚,李秋歌,夫妻
王大拿,谢大脚,夫妻
王大拿,李秋歌,情侣
谢大脚,李秋歌,情侣
王大拿,王天来,夫妻
王大拿,刘大脑袋,好友
王大拿,刘大脑袋,合作
王大拿,王天来,合作
王大拿,刘大脑袋,师生
王天来,刘大脑袋,师生
王大拿,王天来,上下级
王大拿,刘大脑袋,合作
王天来,刘大脑袋,合作
王天来,刘大脑袋,情侣
王大拿,王天来,祖孙
王大拿,王天来,unknown
刘大脑袋,王云,合作
王大拿,刘大脑袋,合作
王大拿,王云,合作
刘大脑袋,王云,合作
王大拿,刘大脑袋,情侣
刘大脑袋,王云,合作
刘能,苏玉红,合作
谢大脚,刘大脑袋,合作
谢大脚,刘大脑袋,师生
谢大脚,王云,师生
刘大脑袋,王云,师生
谢大脚,刘大脑袋,夫妻
刘能,赵四,上下级
刘能,刘英,夫妻
谢永强,黄亚萍,夫妻
王小蒙,谢永强,情侣
谢大脚,刘大脑袋,情侣
刘能,刘英,合作
刘能,刘英娘,合作
刘英,刘英娘,夫妻
刘能,谢大脚,夫妻
刘能,谢大脚,兄弟姐妹
刘能,谢大脚,合作
谢大脚,王云,合作
谢大脚,王云,情侣
刘大脑袋,王云,师生
刘大脑袋,王云,师生
谢广坤,谢大脚,合作
谢广坤,永强娘,夫妻
谢广坤,永强娘,合作
王小蒙,王老七,夫妻
谢广坤,谢大脚,师生
谢大脚,刘大脑袋,合作
刘大脑袋,王云,合作
刘能,谢大脚,合作
刘能,谢大脚,兄弟姐妹
刘能,刘大脑袋,兄弟姐妹
谢大脚,刘大脑袋,师生
刘大脑袋,王云,上下级
刘大脑袋,王云,合作
刘能,刘英,合作
刘能,刘英娘,师生
刘英,刘英娘,合作
刘能,谢大脚,合作
刘能,刘英,兄弟姐妹
刘能,刘英娘,兄弟姐妹
谢大脚,刘英,合作
谢大脚,刘英娘,合作
刘英,刘英娘,夫妻
刘能,谢大脚,合作
刘能,刘大脑袋,合作
刘能,刘英,合作
刘能,刘英娘,亲戚
谢大脚,刘大脑袋,合作
谢大脚,刘英,合作
谢大脚,刘英娘,合作
刘大脑袋,刘英,合作
刘大脑袋,刘英娘,合作
刘英,刘英娘,合作
王云,刘英,合作
王云,刘英娘,unknown
刘英,刘英娘,合作
刘大脑袋,王云,合作
刘能,谢大脚,情侣
刘能,刘大脑袋,情侣
谢大脚,刘大脑袋,情侣
刘能,谢大脚,夫妻
王大拿,谢大脚,unknown
王大拿,王天来,合作
王大拿,刘大脑袋,师生
谢大脚,王天来,合作
谢大脚,刘大脑袋,师生
王天来,刘大脑袋,夫妻
王大拿,谢大脚,合作
王大拿,王天来,师生
王大拿,刘大脑袋,师生
王天来,刘大脑袋,师生
王天来,刘大脑袋,上下级
王小蒙,谢永强,情侣
王小蒙,黄亚萍,情侣
谢永强,黄亚萍,夫妻
王小蒙,谢永强,夫妻
王小蒙,谢永强,夫妻
王天来,刘大脑袋,师生
王天来,王云,师生
刘大脑袋,王云,师生
王大拿,王天来,师生
王大拿,刘大脑袋,师生
王天来,刘大脑袋,师生
王大拿,谢大脚,上下级
王大拿,刘大脑袋,unknown
王大拿,谢大脚,合作
王大拿,王天来,合作
谢大脚,王天来,合作
王大拿,王天来,合作
王小蒙,谢永强,情侣
王小蒙,谢广坤,师生
谢永强,谢广坤,夫妻
谢广坤,黄亚萍,情侣
王小蒙,王老七,夫妻
谢永强,黄亚萍,夫妻
王小蒙,谢永强,好友
王小蒙,王老七,夫妻
谢永强,王老七,夫妻
王小蒙,谢永强,上下级
王大拿,刘大脑袋,合作
王天来,刘大脑袋,师生
王大拿,刘大脑袋,夫妻
刘能,赵玉田,合作
刘能,赵玉田,合作
王小蒙,谢永强,合作
王小蒙,谢永强,夫妻
谢永强,黄亚萍,情侣
刘能,谢广坤,好友
刘能,赵四,合作
刘能,王老七,合作
刘能,徐会计,同门
谢广坤,赵四,unknown
谢广坤,王老七,合作
谢广坤,徐会计,好友
赵四,王老七,师生
赵四,徐会计,同门
王老七,徐会计,好友
王小蒙,黄亚萍,好友
谢永强,黄亚萍,合作
谢永强,谢广坤,合作
谢永强,王老七,合作
谢广坤,王老七,合作
李大国,刘一水,好友
谢大脚,王云,好友
谢永强,黄亚萍,父母
谢永强,陈艳南,夫妻
谢广坤,黄亚萍,师生
谢广坤,黄亚萍,父母
谢永强,谢广坤,情侣
谢永强,黄亚萍,情侣
谢广坤,黄亚萍,父母
谢永强,王老七,好友
齐三太,老严,好友
王天来,李秋歌,夫妻
王天来,李秋歌,夫妻
王大拿,王天来,好友
王大拿,李秋歌,好友
王天来,李秋歌,合作
王大拿,谢大脚,亲戚
王大拿,王天来,亲戚
谢大脚,王天来,亲戚
王大拿,谢大脚,师生
王大拿,王天来,夫妻
王大拿,李秋歌,师生
谢大脚,王天来,师生
谢大脚,李秋歌,师生
王天来,李秋歌,合作
王大拿,李秋歌,合作
刘能,谢大脚,情侣
刘能,刘大脑袋,情侣
刘能,王云,合作
谢大脚,刘大脑袋,合作
谢大脚,王云,合作
刘大脑袋,王云,合作
刘能,刘英,上下级
刘能,刘英娘,上下级
刘英,刘英娘,夫妻
刘英,刘英娘,合作
王大拿,王天来,夫妻
王大拿,刘大脑袋,师生
王大拿,刘大脑袋,情侣
王大拿,刘大脑袋,夫妻
王大拿,王云,夫妻
刘大脑袋,王云,夫妻
谢大脚,杨晓燕,上下级
王大拿,谢大脚,师生
王大拿,王天来,夫妻
谢大脚,王天来,合作
王云,徐会计,情侣
谢大脚,刘大脑袋,师生
刘能,刘大脑袋,夫妻
刘能,刘大脑袋,师生
刘能,王云,上下级
谢广坤,黄亚萍,情侣
谢广坤,王老七,情侣
谢永强,谢广坤,夫妻
王小蒙,谢广坤,好友
王小蒙,王老七,情侣
谢广坤,王老七,情侣
谢广坤,王老七,师生
王小蒙,黄亚萍,夫妻
王大拿,谢大脚,合作
王大拿,王天来,合作
谢大脚,王天来,情侣
王大拿,刘大脑袋,师生
王大拿,刘大脑袋,师生
王大拿,谢大脚,情侣
王小蒙,谢永强,合作
王老七,刘一水,好友
王小蒙,谢永强,亲戚
王小蒙,刘一水,夫妻
谢永强,刘一水,unknown
王小蒙,谢永强,夫妻
刘能,刘大脑袋,unknown
刘能,刘大脑袋,师生
刘能,刘大脑袋,好友
谢大脚,刘大脑袋,兄弟姐妹
谢大脚,徐会计,父母
刘能,谢广坤,兄弟姐妹
刘能,王老七,师生
谢广坤,王老七,师生
谢广坤,徐会计,情侣
王小蒙,谢永强,夫妻
王小蒙,黄亚萍,好友
谢永强,黄亚萍,夫妻
王小蒙,黄亚萍,好友
王大拿,谢大脚,师生
谢大脚,王天来,夫妻
王天来,李秋歌,夫妻
王小蒙,谢永强,好友
王小蒙,谢永强,合作
王大拿,杨晓燕,好友
王大拿,谢大脚,情侣
王大拿,王天来,情侣
谢大脚,王天来,情侣
王天来,李秋歌,夫妻
谢大脚,刘大脑袋,情侣
刘能,刘英,合作
刘能,刘英娘,合作
刘英,刘英娘,合作
谢大脚,刘大脑袋,合作
刘能,刘英,师生
刘能,刘英娘,师生
刘英,刘英娘,师生
王大拿,王天来,同门
王大拿,李秋歌,师生
王天来,李秋歌,师生
刘能,刘大脑袋,合作
刘能,刘英,合作
刘能,刘英娘,合作
刘大脑袋,刘英,合作
刘大脑袋,刘英娘,合作
刘英,刘英娘,合作
刘英,刘英娘,unknown
刘能,谢大脚,师生
刘能,谢大脚,兄弟姐妹
王大拿,谢大脚,情侣
刘大脑袋,刘英,合作
刘大脑袋,刘英娘,合作
刘英,刘英娘,合作
王大拿,谢大脚,好友
王大拿,李秋歌,合作
谢大脚,李秋歌,师生
王天来,李秋歌,夫妻
王天来,李秋歌,合作
刘大脑袋,刘英,合作
刘大脑袋,刘英娘,合作
刘英,刘英娘,合作
谢广坤,赵四,合作
谢广坤,永强娘,合作
谢广坤,玉田娘,合作
赵四,永强娘,合作
赵四,玉田娘,合作
永强娘,玉田娘,合作
谢广坤,小蒙娘,情侣
刘能,徐会计,上下级
王大拿,谢大脚,亲戚
刘能,谢大脚,情侣
刘能,谢大脚,合作
刘能,谢大脚,情侣
刘能,谢大脚,合作
刘大脑袋,刘英,夫妻
刘大脑袋,刘英娘,夫妻
刘英,刘英娘,夫妻
刘英,刘英娘,合作
刘英,刘英娘,好友
刘能,刘英,上下级
刘能,刘英娘,上下级
刘英,刘英娘,上下级
刘能,谢大脚,师生
刘能,谢大脚,合作
刘能,谢大脚,兄弟姐妹
刘大脑袋,刘英,合作
刘大脑袋,刘英娘,合作
刘英,刘英娘,合作
刘大脑袋,刘英,同门
刘大脑袋,刘英娘,合作
刘英,刘英娘,同门
谢大脚,刘大脑袋,合作
刘能,刘英,同门
刘能,刘英娘,上下级
刘英,刘英娘,同门
谢广坤,王老七,合作
刘能,谢广坤,夫妻
刘能,徐会计,兄弟姐妹
王大拿,谢大脚,合作
刘能,赵四,夫妻
刘能,玉田娘,夫妻
赵四,玉田娘,好友
刘英,玉田娘,unknown
刘能,谢大脚,合作
刘能,刘英,好友
刘能,刘英娘,上下级
谢大脚,刘英,上下级
谢大脚,刘英娘,上下级
刘英,刘英娘,上下级
王大拿,谢大脚,好友
王大拿,王天来,亲戚
王大拿,李秋歌,夫妻
谢大脚,王天来,亲戚
谢大脚,李秋歌,情侣
王天来,李秋歌,师生
王天来,李秋歌,师生
王天来,李秋歌,夫妻
王大拿,王天来,夫妻
王大拿,谢大脚,合作
刘大脑袋,王云,夫妻
刘能,刘大脑袋,夫妻
刘大脑袋,王云,上下级
刘大脑袋,刘英,合作
刘大脑袋,刘英娘,合作
王云,刘英,unknown
王云,刘英娘,unknown
刘英,刘英娘,合作
刘能,刘英,合作
刘能,刘英娘,情侣
刘英,刘英娘,情侣
刘能,刘英,父母
刘能,刘英娘,父母
刘英,刘英娘,父母
刘英,刘英娘,情侣
谢大脚,刘英,情侣
谢大脚,刘英娘,情侣
刘英,刘英娘,情侣
李大国,刘一水,上下级
刘能,刘英,合作
刘英,刘英娘,合作
刘能,刘英,上下级
刘能,刘英娘,上下级
刘英,刘英娘,上下级
王小蒙,谢永强,亲戚
王小蒙,谢广坤,祖孙
王小蒙,王老七,好友
谢永强,谢广坤,好友
谢永强,王老七,夫妻
谢广坤,王老七,夫妻
谢兰,皮志高,情侣
谢兰,校长,祖孙
皮志高,校长,好友
王小蒙,谢广坤,unknown
王小蒙,皮志高,unknown
谢广坤,皮志高,兄弟姐妹
王小蒙,谢永强,上下级
皮长山,谢兰,上下级
刘能,谢大脚,unknown
刘能,刘英,亲戚
刘能,刘英娘,好友
谢大脚,刘英,合作
谢大脚,刘英娘,父母
刘英,刘英娘,好友
刘能,刘英,合作
刘能,刘英娘,合作
刘英,刘英娘,好友
刘英,刘英娘,合作
刘能,徐会计,好友
刘英,刘英娘,unknown
刘能,刘英,父母
刘能,刘英娘,unknown
刘英,刘英娘,父母
刘英,刘英娘,合作
谢大脚,刘大脑袋,上下级
谢大脚,刘大脑袋,合作
谢大脚,王云,情侣
谢大脚,王云,师生
刘能,赵四,夫妻
刘能,刘英,夫妻
刘能,刘英娘,夫妻
赵四,刘英,夫妻
赵四,刘英娘,夫妻
刘英,刘英娘,夫妻
刘英,刘英娘,合作
刘能,谢大脚,合作
刘能,刘英,父母
刘能,刘英娘,师生
谢大脚,刘英,师生
谢大脚,刘英娘,师生
刘英,刘英娘,师生
刘能,刘英,夫妻
刘能,刘英娘,夫妻
刘英,刘英娘,上下级
刘能,赵四,合作
刘能,赵四,合作
王天来,李秋歌,情侣
王大拿,谢大脚,情侣
王大拿,谢大脚,情侣
刘能,赵四,合作
刘能,刘英,夫妻
王天来,刘大脑袋,夫妻
王大拿,刘大脑袋,情侣
王大拿,王天来,师生
谢广坤,王老七,师生
王小蒙,谢永强,师生
王小蒙,谢永强,夫妻
王小蒙,谢广坤,情侣
王小蒙,王老七,unknown
王小蒙,黄亚萍,合作
谢广坤,王老七,情侣
谢广坤,黄亚萍,情侣
王老七,黄亚萍,情侣
王大拿,王天来,好友
王大拿,刘大脑袋,师生
王天来,刘大脑袋,好友
王大拿,王天来,夫妻
王大拿,王天来,合作
谢广坤,王老七,夫妻
谢广坤,黄亚萍,夫妻
谢广坤,黄亚萍,合作
刘能,谢大脚,情侣
刘能,刘英,情侣
刘能,刘英娘,情侣
谢大脚,刘英,合作
谢大脚,刘英娘,好友
刘英,刘英娘,合作
刘英,刘英娘,合作
刘能,刘英,夫妻
刘能,刘英娘,夫妻
刘英,刘英娘,父母
刘能,谢大脚,合作
刘能,刘英,亲戚
刘能,刘英娘,合作
谢大脚,刘英,合作
谢大脚,刘英娘,合作
刘英,刘英娘,合作
谢大脚,刘英,情侣
谢大脚,刘英娘,合作
刘英,刘英娘,合作
刘英,刘英娘,师生
刘能,谢大脚,同门
刘能,刘英,情侣
刘能,刘英娘,情侣
谢大脚,刘英,夫妻
谢大脚,刘英娘,合作
刘英,刘英娘,情侣
刘能,刘英,好友
刘能,刘英娘,师生
刘英,刘英娘,夫妻
刘英,赵玉田,亲戚
刘英,刘英娘,合作
王天来,刘大脑袋,师生
谢广坤,刘英,亲戚
谢广坤,赵玉田,师生
刘英,赵玉田,师生
王大拿,王天来,夫妻
王天来,李秋歌,夫妻
刘能,赵四,合作
刘能,刘英,夫妻
王小蒙,王大拿,夫妻
王小蒙,谢大脚,夫妻
王小蒙,李大国,合作
王大拿,谢大脚,unknown
王大拿,李大国,情侣
谢大脚,李大国,夫妻
刘能,谢大脚,合作
刘能,赵四,合作
王大拿,谢大脚,情侣
王天来,刘大脑袋,师生
王大拿,刘大脑袋,亲戚
王大拿,刘大脑袋,师生
王天来,刘大脑袋,师生
王大拿,王天来,情侣
王大拿,刘大脑袋,师生
王天来,刘大脑袋,情侣
王大拿,刘大脑袋,师生
谢永强,黄亚萍,亲戚
谢永强,黄亚萍,情侣
谢广坤,徐会计,夫妻
王小蒙,谢永强,夫妻
王小蒙,谢永强,夫妻
刘能,刘英,夫妻
刘能,刘英娘,夫妻
刘英,刘英娘,父母
谢大脚,刘英,情侣
谢大脚,刘英娘,情侣
刘英,刘英娘,情侣
刘能,谢大脚,亲戚
刘能,王云,父母
谢大脚,王云,夫妻
谢大脚,刘英,兄弟姐妹
谢大脚,刘英娘,兄弟姐妹
刘英,刘英娘,合作
王大拿,王天来,好友
王大拿,李秋歌,好友
