王小蒙,谢永强
王小蒙,谢广坤
王小蒙,王老七
谢永强,谢广坤
谢永强,王老七
谢广坤,王老七
王小蒙,谢永强
王小蒙,谢永强
王小蒙,谢广坤
王小蒙,谢大脚
王小蒙,王老七
王小蒙,李大国
王小蒙,刘一水
谢永强,谢广坤
谢永强,谢大脚
谢永强,王老七
谢永强,李大国
谢永强,刘一水
谢广坤,谢大脚
谢广坤,王老七
谢广坤,李大国
谢广坤,刘一水
谢大脚,王老七
谢大脚,李大国
谢大脚,刘一水
王老七,李大国
王老七,刘一水
李大国,刘一水
王小蒙,李大国
赵四,王老七
赵四,赵玉田
王老七,赵玉田
王小蒙,谢永强
王小蒙,谢永强
谢永强,王老七
刘能,谢大脚
刘能,刘英
谢大脚,刘英
刘能,谢大脚
刘能,刘英
王小蒙,谢永强
王小蒙,谢广坤
王小蒙,王老七
谢永强,谢广坤
谢永强,王老七
谢广坤,王老七
王小蒙,谢永强
王小蒙,校长
谢永强,校长
王小蒙,谢永强
谢永强,谢广坤
谢永强,齐三太
谢广坤,齐三太
谢永强,齐三太
谢永强,校长
齐三太,校长
王小蒙,谢永强
王小蒙,刘一水
王小蒙,谢小梅
刘一水,谢小梅
王小蒙,刘一水
刘能,谢大脚
刘能,李福
谢大脚,李福
王小蒙,谢永强
王小蒙,谢小梅
王小蒙,王兵
谢永强,谢小梅
谢永强,王兵
谢小梅,王兵
王小蒙,谢永强
王小蒙,谢广坤
谢永强,谢广坤
王小蒙,谢永强
刘能,王老七
刘能,刘英
王老七,刘英
刘能,赵四
刘能,谢大脚
刘能,刘英
赵四,谢大脚
赵四,刘英
谢大脚,刘英
谢大脚,刘英
谢永强,谢广坤
谢永强,齐三太
谢广坤,齐三太
刘能,谢大脚
刘能,李福
谢大脚,李福
赵四,王老七
王小蒙,谢永强
王小蒙,刘一水
谢永强,刘一水
王小蒙,谢永强
王小蒙,齐三太
谢永强,齐三太
谢永强,谢兰
谢永强,严冬冬
谢永强,校长
谢兰,严冬冬
谢兰,校长
严冬冬,校长
谢永强,校长
刘能,谢大脚
刘能,李福
谢大脚,李福
王小蒙,刘一水
王小蒙,刘一水
王小蒙,谢小梅
刘一水,谢小梅
刘能,谢大脚
谢大脚,李大国
谢大脚,李福
李大国,李福
谢大脚,李福
刘能,谢大脚
刘能,李福
谢大脚,李福
李福,齐三太
王小蒙,谢大脚
王小蒙,刘一水
王小蒙,谢小梅
谢大脚,刘一水
谢大脚,谢小梅
刘一水,谢小梅
王小蒙,谢永强
王小蒙,谢广坤
谢永强,谢广坤
王大拿,齐三太
王云,齐三太
王小蒙,王老七
王小蒙,赵玉田
王老七,赵玉田
谢永强,严冬冬
谢永强,校长
严冬冬,校长
谢永强,谢广坤
谢永强,齐三太
谢广坤,齐三太
王老七,刘一水
王小蒙,谢永强
王小蒙,刘一水
谢永强,刘一水
王小蒙,王老七
王小蒙,赵玉田
王小蒙,刘一水
王老七,赵玉田
王老七,刘一水
赵玉田,刘一水
王小蒙,王大拿
王小蒙,王木生
王大拿,王木生
王小蒙,王大拿
王小蒙,王大拿
王大拿,谢大脚
王大拿,王木生
谢大脚,王木生
王大拿,谢大脚
谢大脚,齐三太
王小蒙,谢永强
谢大脚,刘一水
谢大脚,谢小梅
刘一水,谢小梅
王小蒙,刘英
谢永强,谢广坤
谢永强,王云
谢广坤,王云
谢大脚,王云
王小蒙,谢永强
王小蒙,谢广坤
谢永强,谢广坤
谢永强,齐三太
谢广坤,齐三太
谢大脚,王云
王大拿,谢大脚
王小蒙,谢广坤
王小蒙,王老七
谢广坤,王老七
王大拿,谢大脚
王大拿,王云
谢大脚,王云
王大拿,谢大脚
王大拿,谢大脚
谢大脚,王云
谢永强,谢广坤
王小蒙,刘英
王小蒙,王老七
王小蒙,刘一水
王老七,刘一水
王老七,刘一水
刘一水,谢小梅
王小蒙,刘一水
王小蒙,谢小梅
刘一水,谢小梅
王小蒙,刘一水
王小蒙,谢永强
刘一水,谢小梅
王小蒙,谢广坤
王小蒙,谢永强
王小蒙,谢永强
王小蒙,谢广坤
谢永强,谢广坤
谢永强,谢广坤
王小蒙,谢永强
王小蒙,谢广坤
谢永强,谢广坤
谢大脚,齐三太
谢永强,谢广坤
王小蒙,刘能
王小蒙,刘英
刘能,刘英
王小蒙,谢永强
王小蒙,谢广坤
谢永强,谢广坤
谢大脚,王老七
王小蒙,谢永强
王小蒙,谢广坤
谢永强,谢广坤
王小蒙,谢永强
刘一水,谢小梅
谢大脚,李福
刘能,李福
王小蒙,谢永强
王小蒙,王兵
谢永强,王兵
刘能,谢大脚
谢大脚,李福
谢永强,刘能
王小蒙,王兵
李大国,刘一水
李大国,谢小梅
刘一水,谢小梅
谢永强,齐三太
谢永强,刘能
谢永强,赵四
谢永强,李大国
谢永强,宋晓峰
刘能,赵四
刘能,李大国
刘能,宋晓峰
赵四,李大国
赵四,宋晓峰
李大国,宋晓峰
谢大脚,宋晓峰
谢大脚,宋晓峰
谢大脚,李大国
谢大脚,王香秀
李大国,王香秀
谢大脚,李大国
谢大脚,王香秀
谢大脚,马忠
李大国,王香秀
李大国,马忠
王香秀,马忠
谢大脚,李大国
刘能,谢大脚
刘能,李大国
刘能,王香秀
谢大脚,李大国
谢大脚,王香秀
李大国,王香秀
刘能,谢大脚
刘能,李大国
谢大脚,李大国
谢永强,刘能
谢永强,谢广坤
刘能,谢广坤
刘能,谢广坤
刘能,王云
谢广坤,王云
谢永强,刘能
谢永强,谢广坤
刘能,谢广坤
刘能,王云
刘能,王云
刘能,赵四
刘能,赵四
刘能,赵四
刘能,赵四
刘能,谢广坤
刘能,王云
刘能,李大国
谢广坤,王云
谢广坤,李大国
王云,李大国
李大国,王香秀
李大国,马忠
王香秀,马忠
李大国,王香秀
李大国,马忠
王香秀,马忠
李大国,马忠
谢永强,刘能
谢永强,谢广坤
谢永强,赵玉田
刘能,谢广坤
刘能,赵玉田
谢广坤,赵玉田
谢广坤,赵玉田
王大拿,刘能
王大拿,谢广坤
刘能,谢广坤
王大拿,谢广坤
刘能,谢大脚
刘能,王云
刘能,李大国
刘能,马忠
谢大脚,王云
谢大脚,李大国
谢大脚,马忠
王云,李大国
王云,马忠
李大国,马忠
李大国,王香秀
李大国,马忠
王香秀,马忠
谢大脚,王云
谢大脚,李大国
谢大脚,马忠
王云,李大国
王云,马忠
李大国,马忠
谢大脚,李大国
谢大脚,马忠
李大国,马忠
谢大脚,李大国
谢大脚,王香秀
李大国,王香秀
谢大脚,李大国
谢大脚,马忠
李大国,马忠
谢大脚,李大国
谢大脚,马忠
李大国,马忠
王小蒙,王大拿
王小蒙,谢广坤
王小蒙,杨晓燕
王大拿,谢广坤
王大拿,杨晓燕
谢广坤,杨晓燕
王小蒙,王大拿
王小蒙,杨晓燕
王大拿,杨晓燕
王小蒙,谢广坤
王小蒙,杨晓燕
谢广坤,杨晓燕
谢广坤,王老七
谢广坤,王老七
谢广坤,杨晓燕
王老七,杨晓燕
李大国,王香秀
李大国,马忠
王香秀,马忠
刘能,刘英
刘能,赵玉田
刘英,赵玉田
刘能,刘英
刘能,赵玉田
刘英,赵玉田
刘能,赵四
刘能,赵玉田
赵四,赵玉田
王小蒙,谢广坤
王小蒙,杨晓燕
谢广坤,杨晓燕
王大拿,谢广坤
王大拿,王老七
谢广坤,王老七
王大拿,谢广坤
王大拿,谢广坤
王大拿,杨晓燕
谢广坤,杨晓燕
王大拿,谢广坤
王大拿,杨晓燕
谢广坤,杨晓燕
王大拿,刘能
王大拿,苏玉红
王大拿,吴迪
刘能,苏玉红
刘能,吴迪
苏玉红,吴迪
苏玉红,吴迪
刘能,谢广坤
刘能,刘英
刘能,赵玉田
谢广坤,刘英
谢广坤,赵玉田
刘英,赵玉田
刘能,赵玉田
刘能,赵玉田
刘能,赵玉田
刘能,赵玉田
李大国,王香秀
李大国,王香秀
李大国,马忠
王香秀,马忠
李大国,王香秀
李大国,马忠
王香秀,马忠
李大国,马忠
苏玉红,吴迪
刘能,赵玉田
刘能,方正
赵玉田,方正
刘能,赵玉田
刘能,赵四
刘能,赵玉田
赵四,赵玉田
王大拿,王木生
方正,皮长山
王大拿,杨晓燕
王大拿,王木生
杨晓燕,王木生
谢大脚,王香秀
谢大脚,宋晓峰
谢大脚,马忠
王香秀,宋晓峰
王香秀,马忠
宋晓峰,马忠
谢大脚,李大国
谢大脚,王香秀
谢大脚,马忠
李大国,王香秀
李大国,马忠
王香秀,马忠
谢大脚,李大国
谢大脚,王香秀
谢大脚,马忠
李大国,王香秀
李大国,马忠
王香秀,马忠
谢大脚,李大国
李大国,马忠
李大国,王香秀
谢大脚,王香秀
谢大脚,马忠
王香秀,马忠
王小蒙,谢广坤
王小蒙,谢广坤
刘能,王云
刘能,刘英
王云,刘英
刘能,王云
刘能,赵四
刘能,赵四
刘能,王云
刘能,刘英
赵四,王云
赵四,刘英
王云,刘英
刘能,赵四
刘能,刘大脑袋
赵四,刘大脑袋
刘大脑袋,王云
刘能,赵四
刘能,宋晓峰
赵四,宋晓峰
刘能,赵四
刘能,赵四
赵四,刘英
谢广坤,谢大脚
谢广坤,王云
谢大脚,王云
谢广坤,王云
谢大脚,王云
谢大脚,宋晓峰
谢大脚,马忠
王云,宋晓峰
王云,马忠
宋晓峰,马忠
谢永强,谢广坤
王大拿,王香秀
谢广坤,谢大脚
谢广坤,马忠
谢大脚,马忠
谢广坤,谢大脚
谢广坤,马忠
谢大脚,马忠
谢广坤,马忠
李大国,王香秀
李大国,马忠
王香秀,马忠
王大拿,苏玉红
王大拿,苏玉红
王大拿,宋晓峰
王大拿,苏玉红
宋晓峰,苏玉红
王大拿,宋晓峰
王大拿,苏玉红
宋晓峰,苏玉红
王大拿,宋晓峰
王大拿,宋晓峰
方正,皮长山
白清明,方正
白清明,皮长山
方正,皮长山
白清明,方正
方正,皮长山
谢永强,刘大脑袋
谢永强,王云
谢永强,宋晓峰
刘大脑袋,王云
刘大脑袋,宋晓峰
王云,宋晓峰
刘大脑袋,宋晓峰
谢大脚,王云
谢大脚,宋晓峰
谢大脚,马忠
王云,宋晓峰
王云,马忠
宋晓峰,马忠
王香秀,马忠
宋晓峰,马忠
刘大脑袋,王云
刘大脑袋,齐三太
王云,齐三太
王香秀,马忠
王香秀,马忠
宋晓峰,方正
白清明,方正
谢永强,刘能
王小蒙,谢永强
谢永强,刘能
谢永强,谢广坤
谢永强,谢广坤
谢永强,谢广坤
谢永强,谢广坤
宋晓峰,马忠
苏玉红,吴迪
刘能,谢广坤
李大国,王香秀
李大国,马忠
王香秀,马忠
李大国,马忠
李大国,马忠
谢大脚,李大国
谢大脚,马忠
李大国,马忠
谢大脚,李大国
谢大脚,马忠
李大国,马忠
李大国,王香秀
李大国,马忠
王香秀,马忠
王香秀,马忠
李大国,王香秀
李大国,马忠
王香秀,马忠
刘能,谢广坤
白清明,方正
白清明,方正
白清明,方正
谢永强,皮长山
谢永强,谢广坤
谢永强,赵四
谢广坤,赵四
宋晓峰,苏玉红
宋晓峰,李副总
苏玉红,李副总
王大拿,宋晓峰
王大拿,苏玉红
宋晓峰,苏玉红
王大拿,宋晓峰
王大拿,苏玉红
宋晓峰,苏玉红
谢大脚,李大国
谢大脚,王香秀
谢大脚,宋晓峰
谢大脚,马忠
李大国,王香秀
李大国,宋晓峰
李大国,马忠
王香秀,宋晓峰
王香秀,马忠
宋晓峰,马忠
谢大脚,李大国
谢大脚,王香秀
谢大脚,马忠
李大国,王香秀
李大国,马忠
王香秀,马忠
谢大脚,李大国
谢大脚,马忠
李大国,马忠
李大国,马忠
谢大脚,李大国
谢大脚,李大国
宋晓峰,苏玉红
宋晓峰,李副总
白清明,方正
王小蒙,白清明
王小蒙,方正
白清明,方正
白清明,方正
白清明,皮长山
方正,皮长山
白清明,方正
白清明,皮长山
方正,皮长山
方正,皮长山
刘能,赵四
刘能,赵玉田
赵四,赵玉田
李大国,王香秀
李大国,马忠
王香秀,马忠
谢大脚,王香秀
谢大脚,马忠
王香秀,马忠
谢大脚,王香秀
谢大脚,马忠
王香秀,马忠
李大国,王香秀
李大国,马忠
王香秀,马忠
谢永强,谢广坤
谢永强,谢广坤
谢永强,王老七
谢广坤,王老七
谢广坤,王老七
谢永强,谢广坤
谢永强,谢广坤
刘能,赵四
赵玉田,李副总
赵玉田,齐三太
赵玉田,郭金山
李副总,齐三太
李副总,郭金山
齐三太,郭金山
齐三太,郭金山
谢永强,皮长山
宋晓峰,李副总
宋晓峰,李副总
宋晓峰,李副总
苏玉红,吴迪
苏玉红,吴迪
赵四,刘大脑袋
赵四,赵玉田
赵四,齐三太
刘大脑袋,赵玉田
刘大脑袋,齐三太
赵玉田,齐三太
刘大脑袋,赵玉田
刘大脑袋,齐三太
赵玉田,齐三太
宋晓峰,苏玉红
宋晓峰,苏玉红
谢永强,谢广坤
谢永强,谢大脚
谢广坤,谢大脚
谢广坤,王老七
谢广坤,皮长山
宋晓峰,苏玉红
王小蒙,谢永强
王小蒙,谢广坤
谢永强,谢广坤
谢大脚,李大国
谢大脚,马忠
李大国,马忠
刘能,赵四
王小蒙,谢永强
刘能,谢广坤
谢永强,刘能
谢永强,刘能
谢永强,谢广坤
刘能,谢广坤
谢大脚,王云
谢大脚,王香秀
王云,王香秀
谢广坤,谢大脚
谢广坤,王香秀
谢大脚,王香秀
谢广坤,谢大脚
谢广坤,王香秀
谢大脚,王香秀
赵四,谢大脚
谢广坤,谢大脚
谢广坤,赵玉田
谢大脚,赵玉田
宋晓峰,李副总
宋晓峰,李副总
齐三太,郭金山
齐三太,郭金山
宋晓峰,苏玉红
宋晓峰,苏玉红
宋晓峰,吴迪
苏玉红,吴迪
宋晓峰,苏玉红
赵四,郭金山
赵四,郭金山
谢永强,谢广坤
苏玉红,李副总
苏玉红,吴迪
李副总,吴迪
宋晓峰,苏玉红
宋晓峰,吴迪
苏玉红,吴迪
王大拿,宋晓峰
王大拿,苏玉红
宋晓峰,苏玉红
宋晓峰,苏玉红
宋晓峰,吴迪
苏玉红,吴迪
谢永强,谢广坤
谢永强,谢广坤
刘能,郭金山
刘能,郭金山
刘能,郭金山
刘能,郭金山
宋晓峰,李副总
刘能,郭金山
刘能,赵四
刘能,郭金山
赵四,郭金山
宋晓峰,李副总
刘能,赵四
刘能,赵四
宋晓峰,李副总
宋晓峰,苏玉红
宋晓峰,吴迪
苏玉红,吴迪
王小蒙,谢永强
王小蒙,谢广坤
谢永强,谢广坤
王小蒙,谢永强
王小蒙,杨晓燕
谢永强,杨晓燕
谢永强,谢广坤
谢永强,谢广坤
谢永强,齐三太
谢广坤,齐三太
谢永强,谢广坤
谢永强,齐三太
谢广坤,齐三太
谢永强,谢广坤
谢永强,齐三太
谢广坤,齐三太
宋晓峰,李副总
宋晓峰,李副总
宋晓峰,李副总
宋晓峰,李副总
宋晓峰,吴迪
宋晓峰,郭金山
吴迪,郭金山
刘能,赵四
刘能,赵玉田
刘能,郭金山
赵四,赵玉田
赵四,郭金山
赵玉田,郭金山
赵四,赵玉田
赵四,郭金山
赵玉田,郭金山
刘能,赵四
刘能,郭金山
赵四,郭金山
刘能,赵四
刘能,郭金山
赵四,郭金山
谢大脚,王云
谢大脚,王香秀
王云,王香秀
谢大脚,刘大脑袋
谢大脚,王云
刘大脑袋,王云
谢大脚,刘大脑袋
谢大脚,刘大脑袋
宋晓峰,苏玉红
宋晓峰,吴迪
苏玉红,吴迪
宋晓峰,吴迪
宋晓峰,吴迪
宋晓峰,苏玉红
宋晓峰,吴迪
苏玉红,吴迪
宋晓峰,苏玉红
宋晓峰,吴迪
苏玉红,吴迪
宋晓峰,苏玉红
宋晓峰,吴迪
苏玉红,吴迪
宋晓峰,苏玉红
宋晓峰,吴迪
李大国,王香秀
谢大脚,王香秀
赵四,李大国
赵四,王香秀
赵四,吴迪
李大国,王香秀
李大国,吴迪
王香秀,吴迪
谢大脚,李大国
谢大脚,李大国
谢大脚,王香秀
李大国,王香秀
谢广坤,郭金山
谢广坤,郭金山
谢广坤,郭金山
宋晓峰,吴迪
宋晓峰,苏玉红
宋晓峰,吴迪
苏玉红,吴迪
苏玉红,吴迪
宋晓峰,苏玉红
宋晓峰,吴迪
苏玉红,吴迪
宋晓峰,吴迪
宋晓峰,苏玉红
宋晓峰,吴迪
苏玉红,吴迪
宋晓峰,吴迪
宋晓峰,李副总
宋晓峰,李副总
宋晓峰,李副总
宋晓峰,李副总
刘能,赵四
刘能,赵四
刘能,郭金山
赵四,郭金山
刘能,赵四
刘能,刘英
刘能,赵玉田
刘英,赵玉田
刘能,赵四
刘能,刘英
刘能,郭金山
赵四,刘英
赵四,郭金山
刘英,郭金山
刘能,郭金山
赵四,郭金山
赵四,郭金山
王香秀,马忠
李大国,王香秀
王香秀,马忠
李大国,王香秀
王香秀,马忠
谢大脚,刘大脑袋
谢大脚,黄世友
谢大脚,刘大脑袋
黄世友,刘大脑袋
宋晓峰,李副总
宋晓峰,吴迪
李副总,吴迪
宋晓峰,吴迪
宋晓峰,吴迪
刘能,谢广坤
刘能,赵四
谢广坤,赵四
谢广坤,赵四
刘大脑袋,李大国
谢大脚,刘大脑袋
谢大脚,王云
刘大脑袋,王云
谢大脚,刘大脑袋
谢大脚,王云
刘大脑袋,王云
谢大脚,刘大脑袋
谢大脚,黄世友
谢大脚,黄世友
谢大脚,刘大脑袋
黄世友,刘大脑袋
谢大脚,刘大脑袋
谢大脚,王云
刘大脑袋,王云
李大国,王香秀
李大国,王香秀
王小蒙,谢广坤
王小蒙,杨晓燕
谢广坤,杨晓燕
王小蒙,杨晓燕
王小蒙,谢广坤
王小蒙,杨晓燕
谢广坤,杨晓燕
王小蒙,谢广坤
王小蒙,杨晓燕
谢广坤,杨晓燕
谢广坤,王老七
谢广坤,赵四
谢广坤,王老七
谢广坤,郭金山
赵四,王老七
赵四,郭金山
王老七,郭金山
谢大脚,黄世友
谢大脚,李大国
谢大脚,王香秀
谢大脚,王技术员
谢大脚,吴迪
黄世友,李大国
黄世友,王香秀
黄世友,王技术员
黄世友,吴迪
李大国,王香秀
李大国,王技术员
李大国,吴迪
王香秀,王技术员
王香秀,吴迪
王技术员,吴迪
李大国,王香秀
李大国,王技术员
王香秀,马忠
宋晓峰,吴迪
宋晓峰,吴迪
宋晓峰,吴迪
宋晓峰,吴迪
宋晓峰,吴迪
宋晓峰,吴迪
宋晓峰,吴迪
谢大脚,黄世友
谢大脚,王云
黄世友,王云
谢大脚,黄世友
谢大脚,王云
黄世友,王云
谢大脚,黄世友
黄世友,宋晓峰
黄世友,李副总
宋晓峰,李副总
宋晓峰,李副总
宋晓峰,李副总
宋晓峰,李副总
宋晓峰,李副总
谢大脚,黄世友
谢大脚,王云
黄世友,王云
刘能,赵四
刘能,郭金山
赵四,郭金山
谢大脚,黄世友
谢大脚,黄世友
谢大脚,黄世友
谢大脚,王云
黄世友,王云
黄世友,刘大脑袋
黄世友,王云
刘大脑袋,王云
赵四,刘大脑袋
谢大脚,黄世友
黄世友,王云
黄世友,刘大脑袋
黄世友,王云
刘大脑袋,王云
赵四,黄世友
赵四,刘大脑袋
黄世友,刘大脑袋
刘能,赵四
刘能,黄世友
刘能,郭金山
赵四,黄世友
赵四,郭金山
黄世友,郭金山
刘能,郭金山
刘能,郭金山
黄世友,王云
黄世友,王云
黄世友,刘大脑袋
黄世友,刘大脑袋
黄世友,刘大脑袋
谢大脚,黄世友
谢大脚,黄世友
谢大脚,刘大脑袋
谢大脚,王云
黄世友,刘大脑袋
黄世友,王云
刘大脑袋,王云
谢大脚,黄世友
谢大脚,刘大脑袋
黄世友,刘大脑袋
谢广坤,黄世友
刘能,黄世友
谢大脚,黄世友
谢大脚,黄世友
谢大脚,王云
黄世友,王云
刘能,谢大脚
刘能,黄世友
谢大脚,黄世友
王小蒙,谢永强
王小蒙,刘大脑袋
王小蒙,李副总
谢永强,刘大脑袋
谢永强,李副总
刘大脑袋,李副总
王小蒙,谢永强
谢大脚,黄世友
谢大脚,黄世友
谢大脚,黄世友
谢大脚,刘大脑袋
谢大脚,王云
黄世友,刘大脑袋
黄世友,王云
刘大脑袋,王云
宋晓峰,苏玉红
宋晓峰,李副总
苏玉红,李副总
宋晓峰,苏玉红
宋晓峰,吴迪
苏玉红,吴迪
宋晓峰,苏玉红
苏玉红,李副总
宋晓峰,李副总
宋晓峰,李副总
宋晓峰,李副总
宋晓峰,苏玉红
宋晓峰,李副总
苏玉红,李副总
宋晓峰,苏玉红
宋晓峰,李副总
苏玉红,李副总
宋晓峰,李副总
赵四,郭金山
谢广坤,赵四
刘能,谢广坤
刘能,赵四
刘能,李副总
刘能,郭金山
谢广坤,赵四
谢广坤,李副总
谢广坤,郭金山
赵四,李副总
赵四,郭金山
李副总,郭金山
刘能,赵四
刘能,谢广坤
刘能,赵四
谢广坤,赵四
刘能,谢广坤
谢大脚,黄世友
谢大脚,王云
黄世友,王云
谢大脚,黄世友
谢大脚,王云
黄世友,王云
谢大脚,黄世友
谢大脚,刘大脑袋
谢大脚,王云
黄世友,刘大脑袋
黄世友,王云
刘大脑袋,王云
谢大脚,黄世友
谢大脚,王云
黄世友,王云
谢大脚,黄世友
宋晓峰,苏玉红
宋晓峰,李副总
苏玉红,李副总
苏玉红,李副总
宋晓峰,李副总
刘大脑袋,宋晓峰
刘大脑袋,宋晓峰
谢广坤,赵四
谢广坤,赵四
刘能,郭金山
刘能,赵四
刘能,郭金山
赵四,郭金山
刘能,谢广坤
刘能,郭金山
谢广坤,郭金山
刘能,谢广坤
刘能,郭金山
谢广坤,郭金山
谢大脚,黄世友
谢大脚,黄世友
谢大脚,黄世友
谢大脚,黄世友
谢大脚,黄世友
谢大脚,黄世友
王小蒙,谢永强
王小蒙,白清明
王小蒙,杨晓燕
谢永强,白清明
谢永强,杨晓燕
白清明,杨晓燕
谢广坤,宋晓峰
谢广坤,张秘书
宋晓峰,张秘书
刘能,谢广坤
刘能,宋晓峰
谢广坤,宋晓峰
刘能,谢广坤
刘能,谢广坤
刘能,谢广坤
刘能,宋晓峰
谢广坤,宋晓峰
刘能,宋晓峰
刘能,谢广坤
刘能,宋晓峰
谢广坤,宋晓峰
刘能,谢广坤
刘能,宋晓峰
谢广坤,宋晓峰
赵四,赵玉田
赵四,杨晓燕
赵四,郭金山
赵玉田,杨晓燕
赵玉田,郭金山
杨晓燕,郭金山
赵四,赵玉田
赵四,郭金山
赵玉田,郭金山
杨晓燕,郭金山
王老七,杨晓燕
王老七,郭金山
杨晓燕,郭金山
谢广坤,王老七
谢广坤,杨晓燕
王老七,杨晓燕
王小蒙,谢广坤
王小蒙,王老七
王小蒙,杨晓燕
谢广坤,王老七
谢广坤,杨晓燕
王老七,杨晓燕
王小蒙,谢永强
王小蒙,谢广坤
王小蒙,杨晓燕
谢广坤,杨晓燕
王小蒙,谢永强
王小蒙,谢广坤
谢永强,谢广坤
杨晓燕,郭金山
谢广坤,皮长山
谢广坤,杨晓燕
皮长山,杨晓燕
白清明,皮长山
白清明,杨晓燕
皮长山,杨晓燕
王大拿,杨晓燕
王大拿,谢广坤
王大拿,皮长山
王大拿,杨晓燕
谢广坤,皮长山
谢广坤,杨晓燕
皮长山,杨晓燕
谢大脚,黄世友
谢大脚,王云
谢大脚,黄世友
谢大脚,王云
黄世友,王云
刘能,赵四
刘能,郭金山
赵四,郭金山
刘能,赵四
刘能,赵四
赵四,郭金山
刘能,赵玉田
刘能,郭金山
赵玉田,郭金山
赵四,赵玉田
赵玉田,郭金山
赵四,赵玉田
赵四,赵玉田
赵四,郭金山
赵玉田,郭金山
赵四,郭金山
刘能,宋晓峰
刘能,宋晓峰
刘能,宋晓峰
刘能,郭金山
宋晓峰,郭金山
谢广坤,杨晓燕
王小蒙,谢永强
王小蒙,谢广坤
王小蒙,杨晓燕
谢永强,谢广坤
谢永强,杨晓燕
谢广坤,杨晓燕
王小蒙,谢永强
王小蒙,谢广坤
谢永强,谢广坤
王小蒙,谢广坤
谢大脚,黄世友
谢大脚,王云
黄世友,王云
赵四,郭金山
谢广坤,苏玉红
谢广坤,杨晓燕
谢广坤,吴迪
苏玉红,杨晓燕
苏玉红,吴迪
杨晓燕,吴迪
谢广坤,皮长山
谢广坤,杨晓燕
皮长山,杨晓燕
谢广坤,皮长山
谢广坤,杨晓燕
皮长山,杨晓燕
谢广坤,皮长山
谢广坤,皮长山
谢广坤,皮长山
刘能,郭金山
刘能,郭金山
王大拿,谢广坤
王大拿,皮长山
王大拿,杨晓燕
谢广坤,皮长山
谢广坤,杨晓燕
皮长山,杨晓燕
王大拿,谢广坤
王大拿,皮长山
谢广坤,皮长山
王大拿,谢广坤
王大拿,杨晓燕
谢广坤,杨晓燕
王小蒙,王大拿
王小蒙,杨晓燕
王大拿,杨晓燕
宋晓峰,苏玉红
宋晓峰,吴迪
苏玉红,吴迪
王小蒙,谢永强
王小蒙,杨晓燕
谢永强,杨晓燕
王小蒙,谢永强
王小蒙,王大拿
王小蒙,杨晓燕
谢永强,王大拿
谢永强,杨晓燕
王大拿,杨晓燕
谢广坤,宋晓峰
谢广坤,白清明
谢广坤,苏玉红
谢广坤,吴迪
宋晓峰,白清明
宋晓峰,苏玉红
宋晓峰,吴迪
白清明,苏玉红
白清明,吴迪
苏玉红,吴迪
宋晓峰,吴迪
宋晓峰,吴迪
苏玉红,吴迪
苏玉红,吴迪
宋晓峰,苏玉红
谢广坤,杨晓燕
王小蒙,谢广坤
王小蒙,王老七
谢广坤,王老七
王小蒙,谢广坤
王小蒙,王老七
谢广坤,王老七
谢广坤,王老七
王小蒙,谢永强
黄世友,王香秀
黄世友,马忠
王香秀,马忠
王长贵,黄世友
王长贵,王香秀
黄世友,王香秀
谢大脚,黄世友
谢大脚,黄一芝
黄世友,黄一芝
黄世友,黄一芝
谢广坤,白清明
王云,宋晓峰
谢大脚,宋晓峰
谢大脚,苏玉红
谢大脚,李副总
宋晓峰,苏玉红
宋晓峰,李副总
苏玉红,李副总
宋晓峰,苏玉红
宋晓峰,李副总
苏玉红,李副总
宋晓峰,苏玉红
谢大脚,黄世友
王长贵,黄世友
王长贵,王香秀
黄世友,王香秀
谢大脚,王香秀
谢大脚,马忠
王香秀,马忠
谢大脚,黄世友
谢大脚,黄世友
谢大脚,刘大脑袋
谢大脚,王云
黄世友,刘大脑袋
黄世友,王云
刘大脑袋,王云
刘大脑袋,宋晓峰
刘大脑袋,王云
谢大脚,刘大脑袋
谢大脚,王云
方正,李银萍
刘大脑袋,王云
谢广坤,白清明
谢广坤,方正
谢广坤,李银萍
谢广坤,杨晓燕
白清明,方正
白清明,李银萍
白清明,杨晓燕
方正,李银萍
方正,杨晓燕
李银萍,杨晓燕
白清明,李银萍
白清明,李银萍
白清明,李银萍
白清明,李银萍
谢广坤,皮长山
谢广坤,皮长山
谢广坤,杨晓燕
皮长山,杨晓燕
王大拿,谢广坤
王大拿,杨晓燕
谢广坤,杨晓燕
王大拿,谢广坤
王大拿,杨晓燕
谢广坤,杨晓燕
王小蒙,谢广坤
王小蒙,杨晓燕
谢广坤,杨晓燕
刘能,赵四
刘能,郭金山
赵四,郭金山
刘能,赵四
刘能,郭金山
赵四,郭金山
刘能,郭金山
王小蒙,王大拿
王小蒙,郭金山
王大拿,郭金山
王小蒙,刘能
宋晓峰,苏玉红
宋晓峰,李副总
苏玉红,李副总
刘能,赵四
刘能,刘一水
刘能,宋晓峰
刘能,郭金山
赵四,刘一水
赵四,宋晓峰
赵四,郭金山
刘一水,宋晓峰
刘一水,郭金山
宋晓峰,郭金山
刘能,赵四
谢广坤,杨晓燕
谢广坤,杨晓燕
谢大脚,黄一芝
谢大脚,黄世友
谢大脚,黄一芝
黄世友,黄一芝
谢大脚,刘大脑袋
谢大脚,王云
刘大脑袋,王云
谢大脚,刘大脑袋
宋晓峰,苏玉红
宋晓峰,李副总
苏玉红,李副总
王小蒙,刘一水
王小蒙,郭金山
刘一水,郭金山
刘一水,郭金山
刘能,谢广坤
刘能,宋晓峰
刘能,郭金山
谢广坤,宋晓峰
谢广坤,郭金山
宋晓峰,郭金山
刘能,谢广坤
刘能,宋晓峰
谢广坤,宋晓峰
刘能,宋晓峰
刘能,谢广坤
刘能,谢广坤
刘能,宋晓峰
谢广坤,宋晓峰
刘能,谢广坤
刘能,宋晓峰
谢广坤,宋晓峰
谢广坤,宋晓峰
谢广坤,宋晓峰
谢广坤,宋晓峰
王小蒙,郭金山
宋晓峰,郭金山
宋晓峰,郭金山
宋晓峰,郭金山
宋晓峰,郭金山
宋晓峰,郭金山
宋晓峰,郭金山
谢广坤,宋晓峰
谢广坤,郭金山
宋晓峰,郭金山
宋晓峰,郭金山
王小蒙,赵四
王小蒙,郭金山
赵四,郭金山
刘能,赵四
王小蒙,谢广坤
王小蒙,郭金山
谢广坤,郭金山
谢广坤,赵四
谢广坤,郭金山
赵四,郭金山
谢广坤,郭金山
刘能,赵四
刘能,赵四
刘能,郭金山
赵四,郭金山
刘能,赵四
刘能,郭金山
刘能,郭金山
刘能,郭金山
刘能,赵四
谢广坤,郭金山
谢广坤,王兵
郭金山,王兵
谢广坤,郭金山
谢广坤,王兵
郭金山,王兵
谢广坤,王兵
谢广坤,王兵
谢广坤,王兵
谢广坤,王兵
谢大脚,黄世友
谢大脚,王香秀
谢大脚,黄一芝
黄世友,王香秀
黄世友,黄一芝
王香秀,黄一芝
谢大脚,黄世友
谢大脚,黄一芝
黄世友,黄一芝
谢大脚,黄世友
谢大脚,王云
黄世友,王云
王香秀,黄一芝
宋晓峰,苏玉红
王小蒙,郭金山
谢广坤,王兵
王小蒙,谢永强
谢永强,谢广坤
谢广坤,王兵
王小蒙,谢广坤
王小蒙,王兵
谢广坤,王兵
王大拿,宋晓峰
王大拿,苏玉红
王大拿,李副总
王大拿,杨晓燕
宋晓峰,苏玉红
宋晓峰,李副总
宋晓峰,杨晓燕
苏玉红,李副总
苏玉红,杨晓燕
李副总,杨晓燕
王大拿,宋晓峰
王大拿,苏玉红
宋晓峰,苏玉红
王大拿,李副总
王大拿,宋晓峰
王大拿,李副总
宋晓峰,李副总
王大拿,宋晓峰
王大拿,宋晓峰
王大拿,宋晓峰
王大拿,宋晓峰
王大拿,宋晓峰
王大拿,宋晓峰
王大拿,李副总
宋晓峰,李副总
王大拿,宋晓峰
王大拿,苏玉红
宋晓峰,苏玉红
王大拿,宋晓峰
王大拿,苏玉红
宋晓峰,苏玉红
王大拿,宋晓峰
李大国,王香秀
王大拿,杨晓燕
谢广坤,王兵
王小蒙,谢广坤
王小蒙,王兵
谢广坤,王兵
王小蒙,谢广坤
王小蒙,郭金山
王小蒙,王兵
谢广坤,郭金山
谢广坤,王兵
郭金山,王兵
刘能,谢广坤
刘能,谢大脚
刘能,黄世友
刘能,王云
刘能,王香秀
刘能,王兵
谢广坤,谢大脚
谢广坤,黄世友
谢广坤,王云
谢广坤,王香秀
谢广坤,王兵
谢大脚,黄世友
谢大脚,王云
谢大脚,王香秀
谢大脚,王兵
黄世友,王云
黄世友,王香秀
黄世友,王兵
王云,王香秀
王云,王兵
王香秀,王兵
谢大脚,黄世友
谢大脚,王香秀
谢大脚,黄一芝
黄世友,王香秀
黄世友,黄一芝
王香秀,黄一芝
谢大脚,黄一芝
李大国,王香秀
李大国,马忠
李大国,李小国
马忠,李小国
李大国,王香秀
李大国,李小国
王香秀,李小国
李大国,王香秀
李大国,马忠
王香秀,马忠
王大拿,宋晓峰
王大拿,苏玉红
王大拿,杨晓燕
宋晓峰,苏玉红
宋晓峰,杨晓燕
苏玉红,杨晓燕
宋晓峰,杨晓燕
王大拿,苏玉红
王大拿,杨晓燕
苏玉红,杨晓燕
刘能,郭金山
刘能,赵玉田
刘能,赵玉田
王小蒙,王兵
谢广坤,王兵
谢广坤,王兵
王小蒙,谢广坤
王小蒙,王兵
谢广坤,王兵
谢广坤,王兵
宋晓峰,苏玉红
宋晓峰,王木生
苏玉红,王木生
宋晓峰,苏玉红
宋晓峰,苏玉红
宋晓峰,苏玉红
宋晓峰,苏玉红
宋晓峰,苏玉红
宋晓峰,苏玉红
宋晓峰,苏玉红
宋晓峰,苏玉红
宋晓峰,苏玉红
宋晓峰,苏玉红
宋晓峰,苏玉红
王大拿,杨晓燕
王大拿,王木生
杨晓燕,王木生
王大拿,杨晓燕
刘能,谢大脚
刘能,黄世友
谢大脚,黄世友
谢大脚,王长贵
谢大脚,黄世友
王长贵,黄世友
王小蒙,谢广坤
王小蒙,谢大脚
王小蒙,黄世友
王小蒙,刘一水
王小蒙,高飞
谢广坤,谢大脚
谢广坤,黄世友
谢广坤,刘一水
谢广坤,高飞
谢大脚,黄世友
谢大脚,刘一水
谢大脚,高飞
黄世友,刘一水
黄世友,高飞
刘一水,高飞
王小蒙,谢广坤
王小蒙,高飞
谢广坤,高飞
王小蒙,刘一水
王小蒙,郭金山
刘一水,郭金山
王小蒙,谢永强
王小蒙,刘一水
谢永强,刘一水
王小蒙,刘一水
王大拿,杨晓燕
王大拿,王木生
杨晓燕,王木生
王大拿,杨晓燕
王大拿,王木生
杨晓燕,王木生
王大拿,杨晓燕
谢大脚,黄世友
谢大脚,黄世友
谢大脚,黄世友
黄世友,王香秀
黄世友,黄一芝
王香秀,黄一芝
谢大脚,黄世友
谢大脚,王香秀
谢大脚,黄一芝
黄世友,王香秀
黄世友,黄一芝
王香秀,黄一芝
刘能,王长贵
刘能,黄世友
王长贵,黄世友
谢大脚,黄世友
谢大脚,黄世友
谢大脚,王云
黄世友,王云
刘能,谢大脚
刘能,黄世友
谢大脚,黄世友
谢大脚,黄世友
刘能,谢大脚
刘能,黄世友
谢大脚,黄世友
谢广坤,谢大脚
谢广坤,黄世友
谢大脚,黄世友
谢广坤,谢大脚
谢广坤,黄世友
谢大脚,黄世友
谢广坤,谢大脚
谢广坤,黄世友
谢大脚,黄世友
谢大脚,黄世友
刘能,谢大脚
刘能,黄世友
谢大脚,黄世友
李大国,刘一水
李大国,王香秀
李大国,刘一水
王香秀,刘一水
刘能,谢大脚
刘能,谢大脚
刘能,黄世友
谢大脚,黄世友
刘能,谢大脚
刘能,黄世友
谢大脚,黄世友
刘能,谢大脚
刘能,黄世友
谢大脚,黄世友
谢大脚,王长贵
谢大脚,黄世友
王长贵,黄世友
谢大脚,黄世友
王长贵,黄世友
刘能,谢大脚
刘能,黄世友
谢大脚,黄世友
刘能,谢大脚
刘能,苏玉红
谢大脚,苏玉红
王大拿,宋晓峰
王大拿,宋晓峰
王大拿,苏玉红
宋晓峰,苏玉红
刘能,谢广坤
刘能,谢广坤
赵四,郭金山
刘能,谢大脚
刘能,黄世友
谢大脚,黄世友
刘能,黄世友
宋晓峰,杨晓燕
宋晓峰,杨晓燕
王大拿,宋晓峰
王大拿,杨晓燕
宋晓峰,杨晓燕
王大拿,杨晓燕
宋晓峰,杨晓燕
王大拿,宋晓峰
王大拿,杨晓燕
宋晓峰,杨晓燕
谢大脚,黄世友
谢大脚,王云
黄世友,王云
谢大脚,黄世友
谢大脚,黄世友
谢大脚,刘大脑袋
谢大脚,王云
黄世友,刘大脑袋
黄世友,王云
刘大脑袋,王云
谢大脚,黄世友
刘能,黄世友
刘能,谢广坤
刘能,郭金山
谢广坤,谢大脚
谢广坤,黄世友
谢大脚,黄世友
刘能,谢广坤
刘能,谢广坤
刘能,谢广坤
刘能,宋晓峰
谢广坤,宋晓峰
刘能,谢广坤
刘能,宋晓峰
谢广坤,宋晓峰
刘能,谢广坤
刘能,赵四
王小蒙,杨晓燕
王小蒙,杨晓燕
谢大脚,黄世友
谢大脚,黄世友
谢大脚,黄世友
王大拿,刘能
王大拿,宋晓峰
王大拿,杨晓燕
刘能,宋晓峰
刘能,杨晓燕
宋晓峰,杨晓燕
宋晓峰,李副总
宋晓峰,李副总
刘能,谢广坤
刘能,谢广坤
刘能,谢广坤
刘能,谢广坤
刘能,谢广坤
刘能,谢广坤
刘能,谢广坤
刘能,谢广坤
刘能,谢广坤
刘能,谢广坤
刘能,谢广坤
刘能,郭金山
谢广坤,郭金山
谢永强,皮长山
谢永强,白清明
王小蒙,谢广坤
王小蒙,白清明
王小蒙,高飞
谢广坤,白清明
谢广坤,高飞
白清明,高飞
王小蒙,谢广坤
王小蒙,高飞
王小蒙,王兵
谢广坤,高飞
谢广坤,王兵
高飞,王兵
王小蒙,白清明
王小蒙,高飞
白清明,高飞
王小蒙,谢广坤
王小蒙,谢广坤
白清明,陈艳南
白清明,陈艳南
白清明,李银萍
陈艳南,李银萍
宋晓峰,白清明
宋晓峰,陈艳南
白清明,陈艳南
宋晓峰,陈艳南
白清明,陈艳南
王小蒙,谢永强
王小蒙,谢广坤
谢永强,谢广坤
王小蒙,谢广坤
王小蒙,谢永强
王小蒙,谢永强
王小蒙,谢永强
王小蒙,谢广坤
谢永强,谢广坤
王小蒙,谢永强
宋晓峰,陈艳南
宋晓峰,白清明
宋晓峰,陈艳南
白清明,陈艳南
宋晓峰,陈艳南
赵四,刘大脑袋
赵四,陈艳南
赵四,宋富贵
刘大脑袋,陈艳南
刘大脑袋,宋富贵
陈艳南,宋富贵
赵四,刘大脑袋
赵四,王云
刘大脑袋,王云
赵四,刘大脑袋
赵四,宋富贵
赵四,宋富贵
赵四,刘一水
宋晓峰,陈艳南
宋晓峰,陈艳南
宋晓峰,陈艳南
宋晓峰,陈艳南
宋晓峰,白清明
宋晓峰,陈艳南
宋晓峰,李副总
白清明,陈艳南
白清明,李副总
陈艳南,李副总
宋晓峰,陈艳南
宋晓峰,陈艳南
谢永强,谢广坤
谢永强,白清明
谢广坤,白清明
王小蒙,谢永强
王小蒙,谢广坤
王小蒙,高飞
谢永强,谢广坤
谢永强,高飞
谢广坤,高飞
王小蒙,谢永强
刘能,赵四
刘能,刘大脑袋
赵四,刘大脑袋
刘能,刘大脑袋
赵四,谢大脚
赵四,刘大脑袋
赵四,王云
谢大脚,刘大脑袋
谢大脚,王云
刘大脑袋,王云
赵四,刘大脑袋
赵四,王云
刘大脑袋,王云
赵四,刘大脑袋
赵四,刘大脑袋
宋晓峰,白清明
宋晓峰,陈艳南
白清明,陈艳南
宋晓峰,白清明
宋晓峰,陈艳南
白清明,陈艳南
宋晓峰,白清明
宋晓峰,陈艳南
白清明,陈艳南
谢大脚,黄世友
谢大脚,王老七
黄世友,王老七
赵玉田,郭金山
谢大脚,黄世友
谢大脚,王老七
黄世友,王老七
谢大脚,黄世友
谢大脚,黄世友
谢大脚,郭金山
黄世友,郭金山
王小蒙,谢广坤
王小蒙,白清明
王小蒙,高飞
王小蒙,黄一芝
谢广坤,白清明
谢广坤,高飞
谢广坤,黄一芝
白清明,高飞
白清明,黄一芝
高飞,黄一芝
王小蒙,谢广坤
王小蒙,高飞
谢广坤,高飞
谢广坤,高飞
王小蒙,谢广坤
王小蒙,高飞
谢广坤,高飞
谢广坤,高飞
谢广坤,高飞
谢广坤,高飞
王小蒙,谢广坤
王小蒙,高飞
谢广坤,高飞
王小蒙,谢广坤
王小蒙,高飞
谢广坤,高飞
谢广坤,谢大脚
谢广坤,黄世友
谢大脚,黄世友
谢大脚,黄世友
白清明,黄一芝
白清明,黄一芝
白清明,黄一芝
赵四,刘大脑袋
赵四,刘大脑袋
赵四,刘大脑袋
赵四,刘大脑袋
赵四,杨晓燕
刘大脑袋,杨晓燕
杨晓燕,王木生
王大拿,杨晓燕
王大拿,王木生
王大拿,丁宁
杨晓燕,王木生
杨晓燕,丁宁
王木生,丁宁
王大拿,杨晓燕
王大拿,王木生
王大拿,杨晓燕
王大拿,王木生
王大拿,丁宁
杨晓燕,王木生
杨晓燕,丁宁
王木生,丁宁
王大拿,杨晓燕
王大拿,王木生
杨晓燕,王木生
刘能,赵四
刘能,刘大脑袋
赵四,刘大脑袋
刘能,赵四
刘能,刘大脑袋
赵四,刘大脑袋
刘能,赵四
刘能,刘大脑袋
赵四,刘大脑袋
赵四,刘大脑袋
赵四,刘大脑袋
赵四,刘大脑袋
刘大脑袋,王云
赵四,刘大脑袋
赵四,王云
刘大脑袋,王云
白清明,黄一芝
白清明,黄一芝
谢永强,谢广坤
谢永强,赵四
谢永强,白清明
谢永强,黄一芝
谢广坤,赵四
谢广坤,白清明
谢广坤,黄一芝
赵四,白清明
赵四,黄一芝
白清明,黄一芝
赵四,刘大脑袋
赵四,刘大脑袋
赵四,刘大脑袋
赵四,刘大脑袋
王小蒙,谢永强
王小蒙,谢永强
王小蒙,谢永强
王小蒙,谢永强
谢大脚,王云
谢大脚,宋晓峰
谢大脚,陈艳南
谢大脚,苏玉红
王云,宋晓峰
王云,陈艳南
王云,苏玉红
宋晓峰,陈艳南
宋晓峰,苏玉红
陈艳南,苏玉红
宋晓峰,陈艳南
宋晓峰,白清明
宋晓峰,陈艳南
白清明,陈艳南
宋晓峰,白清明
宋晓峰,陈艳南
白清明,陈艳南
王小蒙,白清明
王小蒙,黄一芝
白清明,黄一芝
白清明,陈艳南
白清明,黄一芝
陈艳南,黄一芝
谢永强,白清明
谢永强,杨晓燕
谢永强,黄一芝
白清明,杨晓燕
白清明,黄一芝
杨晓燕,黄一芝
谢大脚,黄一芝
谢大脚,黄世友
谢大脚,黄一芝
黄世友,黄一芝
白清明,黄一芝
黄世友,白清明
黄世友,黄一芝
白清明,黄一芝
谢广坤,高飞
谢广坤,王兵
高飞,王兵
谢广坤,高飞
谢广坤,王兵
高飞,王兵
高飞,王兵
王小蒙,谢永强
王小蒙,皮长山
谢永强,皮长山
皮长山,谢兰
王小蒙,谢永强
王小蒙,谢永强
王小蒙,谢永强
谢永强,皮长山
谢大脚,宋晓峰
谢大脚,宋晓峰
谢大脚,黄一芝
白清明,黄一芝
谢永强,刘能
谢永强,谢大脚
谢永强,黄世友
谢永强,宋晓峰
刘能,谢大脚
刘能,黄世友
刘能,宋晓峰
谢大脚,黄世友
谢大脚,宋晓峰
黄世友,宋晓峰
谢永强,黄世友
谢永强,刘一水
黄世友,刘一水
黄世友,刘一水
黄世友,刘一水
谢永强,黄世友
谢永强,刘一水
黄世友,刘一水
谢永强,黄世友
谢广坤,黄世友
王大拿,杨晓燕
王大拿,宋晓峰
王大拿,宋晓峰
刘能,谢大脚
刘能,谢大脚
赵四,刘大脑袋
刘能,赵四
刘能,刘大脑袋
赵四,刘大脑袋
刘能,赵四
刘能,刘大脑袋
赵四,刘大脑袋
刘能,谢广坤
刘能,宋晓峰
刘能,苏玉红
谢广坤,宋晓峰
谢广坤,苏玉红
宋晓峰,苏玉红
谢大脚,黄世友
谢大脚,黄世友
刘能,谢广坤
刘能,谢广坤
谢大脚,宋晓峰
谢大脚,黄一芝
宋晓峰,黄一芝
宋晓峰,黄一芝
宋晓峰,黄一芝
宋晓峰,黄一芝
宋晓峰,黄一芝
谢大脚,黄世友
谢大脚,宋晓峰
谢大脚,黄一芝
黄世友,宋晓峰
黄世友,黄一芝
宋晓峰,黄一芝
谢大脚,宋晓峰
赵四,刘大脑袋
赵四,刘大脑袋
赵四,刘大脑袋
刘能,谢广坤
刘能,郭金山
谢广坤,郭金山
谢大脚,李大国
谢大脚,王香秀
谢大脚,黄一芝
李大国,王香秀
李大国,黄一芝
王香秀,黄一芝
谢大脚,王香秀
李大国,王香秀
李大国,王香秀
李大国,王香秀
李大国,马忠
王香秀,马忠
李大国,王香秀
李大国,马忠
李大国,李小国
王香秀,马忠
王香秀,李小国
马忠,李小国
王香秀,马忠
宋晓峰,王木生
宋晓峰,黄一芝
王木生,黄一芝
宋晓峰,王木生
王木生,黄一芝
宋晓峰,王木生
宋晓峰,黄一芝
王木生,黄一芝
赵四,刘大脑袋
赵四,刘大脑袋
赵四,王云
刘大脑袋,王云
刘能,谢广坤
刘能,谢广坤
刘能,谢广坤
王香秀,黄一芝
王香秀,马忠
黄一芝,马忠
李大国,王香秀
李大国,马忠
王香秀,马忠
王香秀,马忠
王香秀,马忠
谢永强,黄世友
宋晓峰,李副总
宋晓峰,王木生
宋晓峰,黄一芝
李副总,王木生
李副总,黄一芝
王木生,黄一芝
王木生,黄一芝
宋晓峰,陈艳南
宋晓峰,王木生
宋晓峰,黄一芝
陈艳南,王木生
陈艳南,黄一芝
王木生,黄一芝
宋晓峰,王木生
宋晓峰,黄一芝
王木生,黄一芝
宋晓峰,王木生
宋晓峰,王木生
谢大脚,黄一芝
谢大脚,王木生
谢大脚,黄一芝
王木生,黄一芝
谢大脚,宋晓峰
谢大脚,黄一芝
宋晓峰,黄一芝
宋晓峰,陈艳南
宋晓峰,李副总
陈艳南,李副总
刘能,谢广坤
刘能,宋晓峰
谢广坤,宋晓峰
刘能,谢广坤
刘能,谢广坤
刘能,谢广坤
刘能,谢广坤
王大拿,宋晓峰
王大拿,王木生
宋晓峰,王木生
赵四,刘大脑袋
赵四,刘大脑袋
赵四,刘大脑袋
刘能,赵四
刘能,刘大脑袋
赵四,刘大脑袋
宋晓峰,郭金山
刘大脑袋,宋晓峰
刘能,赵四
刘能,刘大脑袋
赵四,刘大脑袋
刘能,赵四
刘能,赵四
刘能,刘大脑袋
赵四,刘大脑袋
刘能,赵四
刘能,刘大脑袋
赵四,刘大脑袋
宋晓峰,陈艳南
宋晓峰,李副总
宋晓峰,李副总
宋晓峰,李副总
宋晓峰,李副总
宋晓峰,李副总
宋晓峰,李副总
宋晓峰,李副总
宋晓峰,李副总
李大国,王香秀
李大国,马忠
王香秀,马忠
刘能,赵四
刘能,刘大脑袋
赵四,刘大脑袋
赵四,刘大脑袋
赵四,刘大脑袋
赵四,宋晓峰
刘大脑袋,宋晓峰
赵四,刘大脑袋
赵四,王云
刘大脑袋,王云
谢大脚,李大国
谢大脚,王香秀
李大国,王香秀
谢大脚,李大国
谢大脚,王香秀
李大国,王香秀
谢大脚,黄世友
谢大脚,王老七
谢大脚,黄一芝
谢大脚,黄世友
宋晓峰,李副总
宋晓峰,王木生
宋晓峰,王木生
宋晓峰,王木生
刘能,赵四
刘能,刘大脑袋
赵四,刘大脑袋
赵四,刘大脑袋
刘大脑袋,刘乾
刘能,刘大脑袋
王小蒙,谢永强
刘能,赵四
刘能,刘英
刘能,赵玉田
赵四,刘英
赵四,赵玉田
刘英,赵玉田
刘英,刘英娘
刘能,赵四
刘能,刘英
刘能,刘英娘
赵四,刘英
赵四,刘英娘
刘英,刘英娘
刘能,刘英
刘能,赵四
刘能,刘英
赵四,赵玉田
刘能,刘英
谢广坤,刘英
刘能,谢广坤
刘能,谢广坤
刘能,皮志高
谢广坤,皮志高
谢广坤,谢兰
谢广坤,皮志高
谢兰,皮志高
刘能,谢广坤
刘能,谢广坤
谢广坤,赵四
谢广坤,王老七
谢广坤,永强娘
王老七,永强娘
谢广坤,谢大脚
刘能,谢广坤
刘能,谢大脚
谢广坤,谢大脚
刘能,谢大脚
刘能,谢广坤
刘能,赵四
谢广坤,赵四
谢广坤,王老七
谢广坤,谢兰
谢兰,校长
谢广坤,永强娘
谢广坤,永强娘
王小蒙,王老七
王小蒙,谢永强
王小蒙,黄亚萍
谢永强,黄亚萍
王小蒙,永强娘
刘英,赵玉田
刘英,赵玉田
刘英,赵玉田
谢大脚,苏玉红
谢大脚,苏玉红
刘能,刘英
王小蒙,谢广坤
王小蒙,王老七
王小蒙,永强娘
谢广坤,王老七
谢广坤,永强娘
王老七,永强娘
谢广坤,永强娘
王老七,小蒙娘
谢广坤,永强娘
刘能,苏玉红
白清明,李秋歌
王小蒙,谢广坤
王小蒙,王老七
谢广坤,王老七
王小蒙,永强娘
王小蒙,永强娘
谢大脚,王云
谢大脚,苏玉红
永强娘,徐会计
永强娘,徐会计
谢广坤,徐会计
谢广坤,徐会计
刘能,苏玉红
谢大脚,王云
刘能,谢大脚
刘英,赵玉田
刘能,刘英
刘能,苏玉红
王小蒙,谢广坤
王小蒙,王老七
谢广坤,王老七
刘能,苏玉红
刘英,赵玉田
谢广坤,徐会计
谢大脚,李大国
刘能,刘英
刘能,赵四
刘能,刘英
赵四,刘英
刘能,赵四
刘能,谢广坤
刘能,王老七
谢广坤,王老七
刘能,赵四
刘能,王老七
赵四,王老七
谢广坤,赵四
谢广坤,王老七
赵四,王老七
谢广坤,赵四
谢广坤,王老七
谢广坤,徐会计
赵四,王老七
赵四,徐会计
王老七,徐会计
谢大脚,李大国
刘能,谢广坤
刘能,赵四
刘能,徐会计
谢广坤,赵四
谢广坤,徐会计
赵四,徐会计
王小蒙,谢永强
刘大脑袋,王云
谢广坤,赵四
谢广坤,玉田娘
谢广坤,徐会计
赵四,玉田娘
赵四,徐会计
玉田娘,徐会计
刘能,玉田娘
刘能,赵四
王小蒙,谢永强
谢永强,黄亚萍
王小蒙,黄亚萍
王大拿,谢大脚
王大拿,刘大脑袋
谢大脚,刘大脑袋
王大拿,谢大脚
王大拿,刘大脑袋
王大拿,杨晓燕
刘大脑袋,杨晓燕
王大拿,王天来
王大拿,李秋歌
王天来,李秋歌
王大拿,谢大脚
王大拿,刘大脑袋
王大拿,王天来
刘能,谢广坤
刘能,赵四
刘能,徐会计
谢广坤,赵四
谢广坤,徐会计
赵四,徐会计
谢大脚,老严
谢大脚,老严
谢大脚,齐三太
苏玉红,齐三太
谢广坤,徐会计
谢广坤,齐三太
谢广坤,徐会计
齐三太,徐会计
刘能,谢广坤
刘能,徐会计
谢广坤,徐会计
谢广坤,徐会计
刘能,赵四
刘能,赵玉田
赵四,赵玉田
刘能,赵四
刘能,赵四
刘能,赵四
刘一水,谢小梅
李大国,刘一水
李大国,刘一水
刘英,刘英娘
刘能,刘英
刘能,赵玉田
刘能,刘英娘
刘英,赵玉田
刘英,刘英娘
赵玉田,刘英娘
刘能,赵玉田
赵四,玉田娘
赵四,刘英
谢大脚,王云
王大拿,谢大脚
王大拿,刘大脑袋
刘能,刘英
谢大脚,苏玉红
谢大脚,苏玉红
谢大脚,王云
谢大脚,王云
谢大脚,李福
谢大脚,徐会计
刘能,谢广坤
刘能,赵四
刘能,王老七
刘能,刘英
谢广坤,赵四
谢广坤,王老七
谢广坤,刘英
赵四,王老七
赵四,刘英
王老七,刘英
刘能,赵四
刘能,谢大脚
刘能,刘英
刘能,刘英娘
谢大脚,刘英
谢大脚,刘英娘
刘英,刘英娘
赵四,玉田娘
赵四,玉田娘
王小蒙,谢永强
王小蒙,谢广坤
王小蒙,王老七
谢永强,谢广坤
谢永强,王老七
谢广坤,王老七
王小蒙,谢永强
王小蒙,王老七
谢永强,王老七
谢永强,黄亚萍
谢广坤,王老七
谢广坤,王老七
谢广坤,黄亚萍
王老七,黄亚萍
谢广坤,王老七
谢广坤,陈艳南
王老七,陈艳南
谢永强,陈艳南
谢广坤,王老七
王小蒙,谢广坤
王小蒙,王老七
谢广坤,王老七
王小蒙,王老七
王小蒙,黄亚萍
王老七,黄亚萍
谢大脚,王天来
谢大脚,李秋歌
王天来,李秋歌
谢大脚,李秋歌
王大拿,谢大脚
王大拿,李秋歌
谢大脚,李秋歌
王大拿,王天来
王大拿,刘大脑袋
王大拿,刘大脑袋
王大拿,王天来
王大拿,刘大脑袋
王天来,刘大脑袋
王大拿,王天来
王大拿,刘大脑袋
王天来,刘大脑袋
王天来,刘大脑袋
王大拿,王天来
王大拿,王天来
刘大脑袋,王云
王大拿,刘大脑袋
王大拿,王云
刘大脑袋,王云
王大拿,刘大脑袋
刘大脑袋,王云
刘能,苏玉红
谢大脚,刘大脑袋
谢大脚,刘大脑袋
谢大脚,王云
刘大脑袋,王云
谢大脚,刘大脑袋
刘能,赵四
刘能,刘英
谢永强,黄亚萍
王小蒙,谢永强
谢大脚,刘大脑袋
刘能,刘英
刘能,刘英娘
刘英,刘英娘
刘能,谢大脚
刘能,谢大脚
刘能,谢大脚
谢大脚,王云
谢大脚,王云
刘大脑袋,王云
刘大脑袋,王云
谢广坤,谢大脚
谢广坤,永强娘
谢广坤,永强娘
王小蒙,王老七
谢广坤,谢大脚
谢大脚,刘大脑袋
刘大脑袋,王云
刘能,谢大脚
刘能,谢大脚
刘能,刘大脑袋
谢大脚,刘大脑袋
刘大脑袋,王云
刘大脑袋,王云
刘能,刘英
刘能,刘英娘
刘英,刘英娘
刘能,谢大脚
刘能,刘英
刘能,刘英娘
谢大脚,刘英
谢大脚,刘英娘
刘英,刘英娘
刘能,谢大脚
刘能,刘大脑袋
刘能,刘英
刘能,刘英娘
谢大脚,刘大脑袋
谢大脚,刘英
谢大脚,刘英娘
刘大脑袋,刘英
刘大脑袋,刘英娘
刘英,刘英娘
王云,刘英
王云,刘英娘
刘英,刘英娘
刘大脑袋,王云
刘能,谢大脚
刘能,刘大脑袋
谢大脚,刘大脑袋
刘能,谢大脚
王大拿,谢大脚
王大拿,王天来
王大拿,刘大脑袋
谢大脚,王天来
谢大脚,刘大脑袋
王天来,刘大脑袋
王大拿,谢大脚
王大拿,王天来
王大拿,刘大脑袋
王天来,刘大脑袋
王天来,刘大脑袋
王小蒙,谢永强
王小蒙,黄亚萍
谢永强,黄亚萍
王小蒙,谢永强
王小蒙,谢永强
王天来,刘大脑袋
王天来,王云
刘大脑袋,王云
王大拿,王天来
王大拿,刘大脑袋
王天来,刘大脑袋
王大拿,谢大脚
王大拿,刘大脑袋
王大拿,谢大脚
王大拿,王天来
谢大脚,王天来
王大拿,王天来
王小蒙,谢永强
王小蒙,谢广坤
谢永强,谢广坤
谢广坤,黄亚萍
王小蒙,王老七
谢永强,黄亚萍
王小蒙,谢永强
王小蒙,王老七
谢永强,王老七
王小蒙,谢永强
王大拿,刘大脑袋
王天来,刘大脑袋
王大拿,刘大脑袋
刘能,赵玉田
刘能,赵玉田
王小蒙,谢永强
王小蒙,谢永强
谢永强,黄亚萍
刘能,谢广坤
刘能,赵四
刘能,王老七
刘能,徐会计
谢广坤,赵四
谢广坤,王老七
谢广坤,徐会计
赵四,王老七
赵四,徐会计
王老七,徐会计
王小蒙,黄亚萍
谢永强,黄亚萍
谢永强,谢广坤
谢永强,王老七
谢广坤,王老七
李大国,刘一水
谢大脚,王云
谢永强,黄亚萍
谢永强,陈艳南
谢广坤,黄亚萍
谢广坤,黄亚萍
谢永强,谢广坤
谢永强,黄亚萍
谢广坤,黄亚萍
谢永强,王老七
齐三太,老严
王天来,李秋歌
王天来,李秋歌
王大拿,王天来
王大拿,李秋歌
王天来,李秋歌
王大拿,谢大脚
王大拿,王天来
谢大脚,王天来
王大拿,谢大脚
王大拿,王天来
王大拿,李秋歌
谢大脚,王天来
谢大脚,李秋歌
王天来,李秋歌
王大拿,李秋歌
刘能,谢大脚
刘能,刘大脑袋
刘能,王云
谢大脚,刘大脑袋
谢大脚,王云
刘大脑袋,王云
刘能,刘英
刘能,刘英娘
刘英,刘英娘
刘英,刘英娘
王大拿,王天来
王大拿,刘大脑袋
王大拿,刘大脑袋
王大拿,刘大脑袋
王大拿,王云
刘大脑袋,王云
谢大脚,杨晓燕
王大拿,谢大脚
王大拿,王天来
谢大脚,王天来
王云,徐会计
谢大脚,刘大脑袋
刘能,刘大脑袋
刘能,刘大脑袋
刘能,王云
谢广坤,黄亚萍
谢广坤,王老七
谢永强,谢广坤
王小蒙,谢广坤
王小蒙,王老七
谢广坤,王老七
谢广坤,王老七
王小蒙,黄亚萍
王大拿,谢大脚
王大拿,王天来
谢大脚,王天来
王大拿,刘大脑袋
王大拿,刘大脑袋
王大拿,谢大脚
王小蒙,谢永强
王老七,刘一水
王小蒙,谢永强
王小蒙,刘一水
谢永强,刘一水
王小蒙,谢永强
刘能,刘大脑袋
刘能,刘大脑袋
刘能,刘大脑袋
谢大脚,刘大脑袋
谢大脚,徐会计
刘能,谢广坤
刘能,王老七
谢广坤,王老七
谢广坤,徐会计
王小蒙,谢永强
王小蒙,黄亚萍
谢永强,黄亚萍
王小蒙,黄亚萍
王大拿,谢大脚
谢大脚,王天来
王天来,李秋歌
王小蒙,谢永强
王小蒙,谢永强
王大拿,杨晓燕
王大拿,谢大脚
王大拿,王天来
谢大脚,王天来
王天来,李秋歌
谢大脚,刘大脑袋
刘能,刘英
刘能,刘英娘
刘英,刘英娘
谢大脚,刘大脑袋
刘能,刘英
刘能,刘英娘
刘英,刘英娘
王大拿,王天来
王大拿,李秋歌
王天来,李秋歌
刘能,刘大脑袋
刘能,刘英
刘能,刘英娘
刘大脑袋,刘英
刘大脑袋,刘英娘
刘英,刘英娘
刘英,刘英娘
刘能,谢大脚
刘能,谢大脚
王大拿,谢大脚
刘大脑袋,刘英
刘大脑袋,刘英娘
刘英,刘英娘
王大拿,谢大脚
王大拿,李秋歌
谢大脚,李秋歌
王天来,李秋歌
王天来,李秋歌
刘大脑袋,刘英
刘大脑袋,刘英娘
刘英,刘英娘
谢广坤,赵四
谢广坤,永强娘
谢广坤,玉田娘
赵四,永强娘
赵四,玉田娘
永强娘,玉田娘
谢广坤,小蒙娘
刘能,徐会计
王大拿,谢大脚
刘能,谢大脚
刘能,谢大脚
刘能,谢大脚
刘能,谢大脚
刘大脑袋,刘英
刘大脑袋,刘英娘
刘英,刘英娘
刘英,刘英娘
刘英,刘英娘
刘能,刘英
刘能,刘英娘
刘英,刘英娘
刘能,谢大脚
刘能,谢大脚
刘能,谢大脚
刘大脑袋,刘英
刘大脑袋,刘英娘
刘英,刘英娘
刘大脑袋,刘英
刘大脑袋,刘英娘
刘英,刘英娘
谢大脚,刘大脑袋
刘能,刘英
刘能,刘英娘
刘英,刘英娘
谢广坤,王老七
刘能,谢广坤
刘能,徐会计
王大拿,谢大脚
刘能,赵四
刘能,玉田娘
赵四,玉田娘
刘英,玉田娘
刘能,谢大脚
刘能,刘英
刘能,刘英娘
谢大脚,刘英
谢大脚,刘英娘
刘英,刘英娘
王大拿,谢大脚
王大拿,王天来
王大拿,李秋歌
谢大脚,王天来
谢大脚,李秋歌
王天来,李秋歌
王天来,李秋歌
王天来,李秋歌
王大拿,王天来
王大拿,谢大脚
刘大脑袋,王云
刘能,刘大脑袋
刘大脑袋,王云
刘大脑袋,刘英
刘大脑袋,刘英娘
王云,刘英
王云,刘英娘
刘英,刘英娘
刘能,刘英
刘能,刘英娘
刘英,刘英娘
刘能,刘英
刘能,刘英娘
刘英,刘英娘
刘英,刘英娘
谢大脚,刘英
谢大脚,刘英娘
刘英,刘英娘
李大国,刘一水
刘能,刘英
刘英,刘英娘
刘能,刘英
刘能,刘英娘
刘英,刘英娘
王小蒙,谢永强
王小蒙,谢广坤
王小蒙,王老七
谢永强,谢广坤
谢永强,王老七
谢广坤,王老七
谢兰,皮志高
谢兰,校长
皮志高,校长
王小蒙,谢广坤
王小蒙,皮志高
谢广坤,皮志高
王小蒙,谢永强
皮长山,谢兰
刘能,谢大脚
刘能,刘英
刘能,刘英娘
谢大脚,刘英
谢大脚,刘英娘
刘英,刘英娘
刘能,刘英
刘能,刘英娘
刘英,刘英娘
刘英,刘英娘
刘能,徐会计
刘英,刘英娘
刘能,刘英
刘能,刘英娘
刘英,刘英娘
刘英,刘英娘
谢大脚,刘大脑袋
谢大脚,刘大脑袋
谢大脚,王云
谢大脚,王云
刘能,赵四
刘能,刘英
刘能,刘英娘
赵四,刘英
赵四,刘英娘
刘英,刘英娘
刘英,刘英娘
刘能,谢大脚
刘能,刘英
刘能,刘英娘
谢大脚,刘英
谢大脚,刘英娘
刘英,刘英娘
刘能,刘英
刘能,刘英娘
刘英,刘英娘
刘能,赵四
刘能,赵四
王天来,李秋歌
王大拿,谢大脚
王大拿,谢大脚
刘能,赵四
刘能,刘英
王天来,刘大脑袋
王大拿,刘大脑袋
王大拿,王天来
谢广坤,王老七
王小蒙,谢永强
王小蒙,谢永强
王小蒙,谢广坤
王小蒙,王老七
王小蒙,黄亚萍
谢广坤,王老七
谢广坤,黄亚萍
王老七,黄亚萍
王大拿,王天来
王大拿,刘大脑袋
王天来,刘大脑袋
王大拿,王天来
王大拿,王天来
谢广坤,王老七
谢广坤,黄亚萍
谢广坤,黄亚萍
刘能,谢大脚
刘能,刘英
刘能,刘英娘
谢大脚,刘英
谢大脚,刘英娘
刘英,刘英娘
刘英,刘英娘
刘能,刘英
刘能,刘英娘
刘英,刘英娘
刘能,谢大脚
刘能,刘英
刘能,刘英娘
谢大脚,刘英
谢大脚,刘英娘
刘英,刘英娘
谢大脚,刘英
谢大脚,刘英娘
刘英,刘英娘
刘英,刘英娘
刘能,谢大脚
刘能,刘英
刘能,刘英娘
谢大脚,刘英
谢大脚,刘英娘
刘英,刘英娘
刘能,刘英
刘能,刘英娘
刘英,刘英娘
刘英,赵玉田
刘英,刘英娘
王天来,刘大脑袋
谢广坤,刘英
谢广坤,赵玉田
刘英,赵玉田
王大拿,王天来
王天来,李秋歌
刘能,赵四
刘能,刘英
王小蒙,王大拿
王小蒙,谢大脚
王小蒙,李大国
王大拿,谢大脚
王大拿,李大国
谢大脚,李大国
刘能,谢大脚
刘能,赵四
王大拿,谢大脚
王天来,刘大脑袋
王大拿,刘大脑袋
王大拿,刘大脑袋
王天来,刘大脑袋
王大拿,王天来
王大拿,刘大脑袋
王天来,刘大脑袋
王大拿,刘大脑袋
谢永强,黄亚萍
谢永强,黄亚萍
谢广坤,徐会计
王小蒙,谢永强
王小蒙,谢永强
刘能,刘英
刘能,刘英娘
刘英,刘英娘
谢大脚,刘英
谢大脚,刘英娘
刘英,刘英娘
刘能,谢大脚
刘能,王云
谢大脚,王云
谢大脚,刘英
谢大脚,刘英娘
刘英,刘英娘
王大拿,王天来
王大拿,李秋歌
王天来,李秋歌
王大拿,谢大脚
王大拿,王天来
王大拿,李秋歌
谢大脚,王天来
谢大脚,李秋歌
王天来,李秋歌
王天来,刘大脑袋
王大拿,谢大脚
王大拿,刘大脑袋
谢大脚,刘大脑袋
王大拿,谢大脚
王大拿,刘大脑袋
王大拿,王云
谢大脚,刘大脑袋
谢大脚,王云
刘大脑袋,王云
谢大脚,王云
刘能,刘英
刘能,刘英娘
刘英,刘英娘
刘能,谢大脚
刘英,刘英娘
刘能,谢大脚
刘能,赵四
刘能,刘英
赵四,刘英
谢永强,谢广坤
谢永强,王老七
谢永强,黄亚萍
谢广坤,王老七
谢广坤,黄亚萍
王老七,黄亚萍
皮长山,谢兰
王大拿,王天来
王大拿,谢大脚
王大拿,王云
谢大脚,王云
刘能,刘英
刘能,谢广坤
刘英,刘英娘
刘能,赵四
刘能,赵四
王小蒙,谢广坤
王小蒙,永强娘
谢广坤,永强娘
刘能,谢广坤
刘能,赵四
刘能,刘英
谢广坤,赵四
谢广坤,刘英
赵四,刘英
刘能,赵四
王大拿,谢大脚
王大拿,刘大脑袋
谢大脚,刘大脑袋
王大拿,谢大脚
王大拿,刘大脑袋
王大拿,谢大脚
王小蒙,黄亚萍
谢广坤,黄亚萍
谢广坤,黄亚萍
王大拿,谢大脚
王大拿,刘大脑袋
谢大脚,刘大脑袋
谢大脚,刘大脑袋
谢大脚,刘大脑袋
谢大脚,王云
刘大脑袋,王云
王大拿,谢大脚
王大拿,王云
谢大脚,王云
王大拿,王云
刘大脑袋,王云
刘能,谢广坤
刘能,赵四
谢广坤,赵四
刘能,谢广坤
刘能,赵四
刘能,刘英
谢广坤,赵四
谢广坤,刘英
赵四,刘英
刘能,刘英
刘能,刘英娘
刘英,刘英娘
王小蒙,谢永强
谢广坤,黄亚萍
王大拿,谢大脚
刘能,赵四
刘能,刘英
赵四,刘英
王小蒙,谢广坤
王小蒙,刘英
谢广坤,刘英
王大拿,刘大脑袋
王大拿,王云
刘大脑袋,王云
王大拿,刘大脑袋
王大拿,王云
刘大脑袋,王云
谢大脚,刘大脑袋
谢大脚,王云
刘大脑袋,王云
谢大脚,王云
谢大脚,王云
王大拿,谢大脚
王大拿,王云
谢大脚,王云
刘能,赵四
刘能,赵四
王大拿,谢大脚
王大拿,刘大脑袋
王大拿,王云
谢大脚,刘大脑袋
谢大脚,王云
刘大脑袋,王云
王大拿,谢大脚
谢大脚,刘大脑袋
王大拿,刘大脑袋
王大拿,王天来
王大拿,李秋歌
王天来,李秋歌
王大拿,谢大脚
王大拿,谢大脚
王大拿,谢大脚
王大拿,刘大脑袋
谢大脚,刘大脑袋
刘能,赵四
刘能,徐会计
刘能,刘英
王大拿,谢大脚
王大拿,王天来
谢大脚,王天来
王大拿,李秋歌
王小蒙,黄亚萍
王大拿,谢大脚
王大拿,谢大脚
王大拿,谢大脚
刘大脑袋,王云
谢大脚,徐会计
刘能,谢广坤
刘能,谢大脚
谢广坤,谢大脚
谢大脚,徐会计
谢大脚,徐会计
刘能,玉田娘
赵四,玉田娘
谢大脚,王云
谢大脚,刘大脑袋
谢大脚,徐会计
刘能,赵四
刘能,徐会计
赵四,徐会计
刘能,赵四
刘能,刘英
刘能,刘英娘
赵四,刘英
赵四,刘英娘
刘英,刘英娘
刘能,刘英
刘能,刘英娘
刘英,刘英娘
刘能,谢大脚
刘能,徐会计
谢大脚,徐会计
刘能,谢大脚
谢永强,黄亚萍
谢永强,黄亚萍
刘能,刘英
刘能,刘英娘
刘英,刘英娘
刘英,刘英娘
刘英,刘英娘
刘英,玉田娘
刘英娘,玉田娘
刘能,刘英
刘能,刘英娘
刘英,刘英娘
刘能,谢大脚
刘能,刘英
刘能,刘英娘
谢大脚,刘英
谢大脚,刘英娘
刘英,刘英娘
刘能,刘英
刘能,刘英娘
刘英,刘英娘
刘能,刘英
刘能,刘英娘
刘能,徐会计
刘英,刘英娘
刘英,徐会计
刘英娘,徐会计
刘英,刘英娘
谢大脚,李大国
谢大脚,徐会计
李大国,徐会计
刘英,刘英娘
刘能,徐会计
刘能,徐会计
刘能,谢大脚
谢大脚,徐会计
谢大脚,徐会计
王小蒙,黄亚萍
王小蒙,谢广坤
苏玉红,徐会计
王大拿,谢大脚
王小蒙,谢永强
王小蒙,刘能
王小蒙,刘能
刘能,刘英
刘能,刘英
王小蒙,刘能
王小蒙,谢大脚
王小蒙,王云
刘能,谢大脚
刘能,王云
谢大脚,王云
王小蒙,刘能
王小蒙,谢广坤
王小蒙,谢大脚
刘能,谢广坤
刘能,谢大脚
谢广坤,谢大脚
刘能,谢广坤
刘能,谢广坤
王小蒙,刘能
王小蒙,谢广坤
刘能,谢广坤
王小蒙,刘能
王小蒙,谢广坤
王小蒙,刘英
刘能,谢广坤
刘能,刘英
谢广坤,刘英
谢大脚,王长贵
谢大脚,王香秀
王长贵,王香秀
刘能,谢广坤
刘能,谢大脚
刘能,王长贵
谢广坤,谢大脚
谢广坤,王长贵
谢大脚,王长贵
王大拿,刘能
王大拿,谢大脚
王大拿,王长贵
刘能,谢大脚
刘能,王长贵
谢大脚,王长贵
王长贵,赵玉田
刘能,王长贵
王小蒙,刘能
王小蒙,谢广坤
王小蒙,王长贵
王小蒙,王老七
刘能,谢广坤
刘能,王长贵
刘能,王老七
谢广坤,王长贵
谢广坤,王老七
王长贵,王老七
刘能,谢广坤
刘能,王长贵
刘能,赵玉田
谢广坤,王长贵
谢广坤,赵玉田
王长贵,赵玉田
刘能,赵玉田
王小蒙,谢永强
王小蒙,谢广坤
王小蒙,王老七
谢永强,谢广坤
谢永强,王老七
谢广坤,王老七
王小蒙,谢永强
王小蒙,谢广坤
王小蒙,王老七
谢永强,谢广坤
谢永强,王老七
谢广坤,王老七
王小蒙,谢广坤
谢大脚,王长贵
谢大脚,刘大脑袋
谢大脚,王云
王长贵,刘大脑袋
王长贵,王云
刘大脑袋,王云
刘大脑袋,王云
谢大脚,王长贵
谢大脚,刘大脑袋
谢大脚,王云
王长贵,刘大脑袋
王长贵,王云
刘大脑袋,王云
刘大脑袋,王云
刘能,王长贵
刘能,赵玉田
王长贵,赵玉田
刘能,刘大脑袋
刘能,刘大脑袋
王天来,李秋歌
刘大脑袋,李副总
谢大脚,王长贵
刘能,谢大脚
刘能,王长贵
谢大脚,王长贵
王云,豁牙子
刘大脑袋,王云
刘大脑袋,王云
刘能,赵四
刘能,赵四
刘能,赵四
刘大脑袋,李副总
刘大脑袋,豁牙子
李副总,豁牙子
刘能,刘大脑袋
刘大脑袋,王云
刘能,赵四
刘能,刘大脑袋
刘能,王云
刘大脑袋,王云
刘大脑袋,王云
刘大脑袋,宋晓峰
王云,宋晓峰
刘能,王云
刘能,赵四
赵四,刘英
刘大脑袋,王云
刘能,赵四
赵四,刘英
刘大脑袋,王云
刘大脑袋,王云
刘大脑袋,王云
刘能,谢广坤
刘能,皮长山
谢广坤,皮长山
刘大脑袋,王木生
刘能,谢广坤
刘能,谢广坤
刘能,刘英
刘能,刘英娘
谢广坤,刘英
谢广坤,刘英娘
刘英,刘英娘
刘能,谢广坤
刘能,谢广坤
刘能,刘英
刘能,刘英娘
刘英,刘英娘
谢广坤,白清明
宋晓峰,宋青莲
宋晓峰,宋富贵
宋青莲,宋富贵
宋晓峰,宋富贵
宋晓峰,宋富贵
刘大脑袋,王木生
王大拿,刘能
王大拿,刘大脑袋
王大拿,王木生
刘能,刘大脑袋
刘能,王木生
刘大脑袋,王木生
刘能,刘大脑袋
宋晓峰,宋富贵
宋晓峰,宋富贵
白清明,皮长山
白清明,谢兰
皮长山,谢兰
白清明,谢兰
谢大脚,刘大脑袋
谢大脚,王云
谢大脚,李副总
刘大脑袋,王云
刘大脑袋,李副总
王云,李副总
王云,李副总
王大拿,刘大脑袋
王大拿,刘大脑袋
刘能,刘一水
方正,皮长山
王大拿,丁宁
刘大脑袋,王云
王大拿,杨晓燕
王大拿,丁宁
杨晓燕,丁宁
宋晓峰,宋富贵
王大拿,丁宁
王大拿,杨晓燕
王大拿,丁宁
王大拿,张总
杨晓燕,丁宁
杨晓燕,张总
丁宁,张总
刘大脑袋,李副总
刘大脑袋,王木生
李副总,王木生
刘能,刘英
刘能,刘英娘
刘英,刘英娘
杨晓燕,丁宁
刘大脑袋,王木生
李副总,王木生
杨晓燕,丁宁
王大拿,杨晓燕
谢大脚,王云
谢大脚,王木生
王云,王木生
刘大脑袋,王云
谢大脚,王云
宋晓峰,王木生
谢大脚,刘大脑袋
谢大脚,王云
刘大脑袋,王云
王大拿,王木生
王大拿,王木生
谢广坤,白清明
谢广坤,永强娘
白清明,永强娘
方正,皮长山
杨晓燕,丁宁
王大拿,杨晓燕
王大拿,刘大脑袋
刘能,谢广坤
刘能,赵四
刘能,谢大脚
刘能,谢广坤
皮长山,永强娘
刘大脑袋,王木生
刘大脑袋,丁宁
刘能,谢广坤
刘能,王老七
谢广坤,王老七
刘能,谢广坤
刘能,谢广坤
刘能,王老七
谢广坤,王老七
王大拿,杨晓燕
王天来,杨晓燕
刘大脑袋,王云
刘能,刘大脑袋
刘能,王云
刘大脑袋,王云
王大拿,花姐
宋晓峰,宋青莲
宋晓峰,宋富贵
宋青莲,宋富贵
宋晓峰,宋富贵
宋晓峰,豁牙子
宋晓峰,豁牙子
宋晓峰,宋富贵
宋晓峰,豁牙子
刘能,刘大脑袋
刘能,刘大脑袋
王大拿,杨晓燕
丁宁,张总
宋晓峰,杨晓燕
宋晓峰,杨晓燕
刘大脑袋,宋晓峰
刘大脑袋,杨晓燕
刘大脑袋,豁牙子
宋晓峰,杨晓燕
宋晓峰,豁牙子
杨晓燕,豁牙子
王大拿,刘大脑袋
王大拿,宋晓峰
王大拿,杨晓燕
刘大脑袋,宋晓峰
刘大脑袋,杨晓燕
宋晓峰,杨晓燕
宋晓峰,杨晓燕
王大拿,杨晓燕
王大拿,刘大脑袋
王大拿,宋晓峰
刘大脑袋,宋晓峰
王大拿,宋晓峰
王大拿,杨晓燕
宋晓峰,杨晓燕
王大拿,宋晓峰
王大拿,杨晓燕
宋晓峰,杨晓燕
王大拿,刘大脑袋
宋晓峰,杨晓燕
刘大脑袋,王云
刘大脑袋,王云
王大拿,杨晓燕
王大拿,杨晓燕
刘能,谢广坤
刘能,赵四
刘能,赵四
刘能,玉田娘
赵四,玉田娘
刘能,谢广坤
刘能,谢广坤
刘能,谢广坤
刘能,谢广坤
刘能,刘英
刘能,刘英娘
谢广坤,刘英
谢广坤,刘英娘
刘英,刘英娘
刘能,谢广坤
刘能,谢广坤
刘能,赵四
赵四,玉田娘
方正,皮长山
刘大脑袋,王云
刘能,谢广坤
刘能,赵四
谢广坤,赵四
刘能,谢广坤
刘能,赵四
谢广坤,赵四
刘能,谢广坤
刘能,赵四
谢广坤,赵四
刘能,谢广坤
刘大脑袋,李副总
刘大脑袋,杨晓燕
刘大脑袋,王木生
李副总,杨晓燕
李副总,王木生
杨晓燕,王木生
王大拿,刘大脑袋
王大拿,宋晓峰
王大拿,杨晓燕
宋晓峰,杨晓燕
王大拿,宋晓峰
刘大脑袋,宋晓峰
刘大脑袋,豁牙子
宋晓峰,豁牙子
宋晓峰,豁牙子
刘大脑袋,宋晓峰
刘大脑袋,豁牙子
宋晓峰,豁牙子
刘能,谢广坤
刘能,谢广坤
王大拿,杨晓燕
宋晓峰,豁牙子
宋晓峰,豁牙子
宋晓峰,豁牙子
刘大脑袋,李副总
刘大脑袋,宋晓峰
刘大脑袋,李副总
刘大脑袋,杨晓燕
刘大脑袋,王木生
刘大脑袋,豁牙子
宋晓峰,李副总
宋晓峰,杨晓燕
宋晓峰,王木生
宋晓峰,豁牙子
李副总,杨晓燕
李副总,王木生
李副总,豁牙子
杨晓燕,王木生
杨晓燕,豁牙子
王木生,豁牙子
王大拿,刘大脑袋
王大拿,刘能
刘能,刘大脑袋
谢大脚,刘大脑袋
谢大脚,王云
刘大脑袋,王云
王木生,豁牙子
王大拿,刘能
王大拿,刘一水
刘能,刘一水
刘能,刘一水
刘大脑袋,豁牙子
刘大脑袋,宋晓峰
刘能,王老七
刘大脑袋,王木生
王大拿,刘大脑袋
刘能,赵四
刘能,玉田娘
赵四,玉田娘
刘能,赵四
刘能,刘一水
赵四,刘一水
刘能,赵四
刘能,刘一水
赵四,刘一水
王大拿,刘大脑袋
杨晓燕,丁宁
方正,皮长山
方正,袁书记
皮长山,袁书记
皮长山,袁书记
刘能,谢广坤
刘能,刘英
刘能,刘英娘
谢广坤,刘英
谢广坤,刘英娘
刘英,刘英娘
谢广坤,刘英
谢广坤,刘英娘
刘英,刘英娘
方正,皮长山
王大拿,刘大脑袋
谢大脚,刘大脑袋
刘能,刘英
刘能,刘英娘
刘英,刘英娘
刘能,赵四
刘能,刘一水
赵四,刘一水
王大拿,刘大脑袋
刘能,谢广坤
刘能,谢广坤
王大拿,刘大脑袋
刘能,谢广坤
刘能,刘英
谢广坤,刘英
刘能,赵四
刘能,刘英
赵四,刘英
刘能,赵四
刘能,赵四
刘能,刘英
赵四,刘英
刘能,赵四
刘能,玉田娘
赵四,玉田娘
刘能,赵四
方正,皮长山
刘大脑袋,王云
刘大脑袋,杨晓燕
刘大脑袋,宋晓峰
刘大脑袋,宋晓峰
刘大脑袋,豁牙子
宋晓峰,豁牙子
赵四,刘英
王大拿,刘大脑袋
王大拿,杨晓燕
刘大脑袋,杨晓燕
王大拿,刘大脑袋
王大拿,刘大脑袋
王大拿,杨晓燕
刘大脑袋,杨晓燕
宋晓峰,宋富贵
宋晓峰,宋富贵
宋晓峰,宋富贵
方正,皮长山
方正,皮长山
宋晓峰,豁牙子
刘能,谢广坤
刘能,谢广坤
刘能,谢广坤
刘能,赵四
刘能,刘英
赵四,刘英
刘能,赵四
刘能,刘英
刘能,刘英娘
刘英,刘英娘
刘大脑袋,王云
谢广坤,皮长山
谢广坤,皮长山
刘能,赵四
刘能,刘英
赵四,刘英
刘能,赵四
刘能,谢广坤
刘能,赵四
刘能,刘大脑袋
王大拿,张总
谢广坤,王老七
谢广坤,王老七
谢广坤,王老七
刘能,谢广坤
刘能,王老七
谢广坤,王老七
王天来,豁牙子
王大拿,刘大脑袋
王大拿,王木生
刘大脑袋,王木生
刘大脑袋,王云
王大拿,刘大脑袋
刘大脑袋,王云
谢大脚,刘大脑袋
王大拿,刘大脑袋
刘大脑袋,宋晓峰
王木生,豁牙子
王大拿,刘大脑袋
王大拿,宋晓峰
刘大脑袋,宋晓峰
王大拿,宋晓峰
王大拿,宋青莲
王大拿,宋富贵
宋晓峰,宋青莲
宋晓峰,宋富贵
宋青莲,宋富贵
王大拿,宋晓峰
王大拿,张总
刘能,赵四
刘能,谢大脚
王大拿,张总
王大拿,刘大脑袋
王大拿,花姐
刘大脑袋,花姐
刘大脑袋,王云
刘大脑袋,花姐
王云,花姐
宋晓峰,宋富贵
宋晓峰,宋富贵
王大拿,花姐
王大拿,花姐
赵四,刘英
赵四,玉田娘
刘英,玉田娘
刘能,谢大脚
刘能,刘大脑袋
刘能,赵四
刘能,刘英
赵四,刘英
刘能,赵四
刘能,刘英
赵四,刘英
王大拿,刘大脑袋
王大拿,刘大脑袋
王大拿,王云
刘大脑袋,王云
王大拿,刘大脑袋
宋晓峰,宋富贵
宋晓峰,宋富贵
白清明,皮长山
刘大脑袋,宋晓峰
